id,category,transcript_type,audio,transcript,text
20_2026-05-26_1m38s,kayitlar,draft_or_human_corrected,data\kayitlar\20_2026-05-26_1m38s\audio.wav,data\kayitlar\20_2026-05-26_1m38s\transcript.txt,"[00:00] Konuşmacı 2: Efendem
[00:16] Konuşmacı 1: Merhaba, Veribase ilaç şirketinden arıyorum, ben Elif. Size isminizle hitap edebilmem için isminizi öğrenebilir miyim?
[00:23] Konuşmacı 1: [sessizlik]
[00:30] Konuşmacı 2: İsmim Berkay duydun mu?
[00:41] Konuşmacı 2: Alo, orada mısın?
[00:44] Konuşmacı 1: Buradayım. İsminizi öğrenebilir miyim?
[00:46] Konuşmacı 2: [sessizlik]
[00:50] Konuşmacı 2: İsmin Berkay duyuyor musun?
[00:56] Konuşmacı 1: Memnun oldum Berkay Bey. Şu an Demo Alvira, Demo Nextra ve Demo Tervix için harika bir kampanyamız var. Değerlendirmek ister misiniz? Elif sesini alamıyorum. Tekrar eder misiniz?
[01:12] Konuşmacı 2: Benim isim Mahmut.
[01:17] Konuşmacı 1: Memnun oldum Mahmut Bey. Şu an Demo Alvira, Demo Nextra ve Demo Tervix için harika bir kampanyamız var. Değerlendirmek ister misiniz?
[01:25] Konuşmacı 2: No.
[01:28] Konuşmacı 1: Anlıyorum. Başka bir konuda yardımcı olabilir miyim?
[01:31] Konuşmacı 2: Yok sağol, telefonu kapatabilirsin.
[01:33] Konuşmacı 1: Rica ederim. İyi günler dilerim, hoşça kalın."
34_2026-06-26_3m08s,kayitlar,draft_or_human_corrected,data\kayitlar\34_2026-06-26_3m08s\audio.wav,data\kayitlar\34_2026-06-26_3m08s\transcript.txt,"[00:08] Konuşmacı 1: Merhaba, Veribase İlaç Şirketi'nden arıyorum. İsmim Elif. Demomix 10mg tablet ve Demomix 30mg tablet için kampanyalarımız hakkında bilgi vermek üzere aramıştım. Müsait miydiniz?
[00:18] Konuşmacı 2: Selam, ne haber?
[00:21] Konuşmacı 1: Aleykümselam. Size nasıl yardımcı olabilirim?
[00:25] Konuşmacı 2: Ne haber kanki?
[00:33] Konuşmacı 2: Ne haber lan?
[00:37] Konuşmacı 1: Elif ben, nasıl yardımcı olabilirim?
[00:40] Konuşmacı 2: Bilmiyorum ki. Sen aradın beni. Ne oldu? Niye aradın beni?
[00:46] Konuşmacı 2: Ne oldu yani?
[00:49] Konuşmacı 2: [sessizlik]
[00:51] Konuşmacı 2: Beni niye aradın? Ne oldu?
[00:55] Konuşmacı 1: Demomix 10mg tablet ve Demomix 30mg tablet için kampanyalarımız hakkında bilgi vermek üzere aramıştım. İsterseniz bilgi verebilirim.
[01:03] Konuşmacı 2: Etti ver bakalım.
[01:07] Konuşmacı 1: Hemen bilgi veriyorum. Demomix 10mg tablette 5 alana bir bedava kampanyası var. Demomix 30mg tablette de 3 alana bir bedava kampanyası mevcut. Değerlendirmek ister misiniz?
[01:18] Konuşmacı 2: Kampanyaları doğru söyleyebilir misin? Bir daha bak bence.
[01:25] Konuşmacı 1: Tekrar kontrol ettim, haklısınız. Demomix 10mg tablette 4 alana üç bedava, Demomix 30mg tablette de 10 alana altı bedava kampanyası mevcut. Bu şekilde değerlendirmek ister misiniz?
[01:37] Konuşmacı 2: Olur.
[01:42] Konuşmacı 2: [sessizlik]
[01:58] Konuşmacı 2: Hadi olur.
[02:01] Konuşmacı 1: Hangisinden ekleyelim? Ya da ikisinden de ekleyelim mi?
[02:10] Konuşmacı 2: İkisinden de 45 kutu ekle o zaman bana.
[02:29] Konuşmacı 2: Nasıl?
[02:33] Konuşmacı 1: Elbette. Demomix 30mg tabletten 45 kutu sepeti ekliyorum. Başka bir isteğiniz var mı?
[02:39] Konuşmacı 2: Paralel de ekle 5 kutu.
[02:50] Konuşmacı 1: Maalesef parola adına rastlayamadım. Tekrar kontrol edebilir misiniz?
[02:54] Konuşmacı 2: Tamam. Peki ben şimdi bunları aldım diyelim. Bu kampanyalarla kaç TL diyeceğim?
[03:03] Konuşmacı 1: Sepetinizde henüz ilaç bulunmadığı için fiyat hesaplayamıyorum. Demomix"
19_2026-07-03_1m30s,02_kontrol_edilecek,human_checked,data\02_kontrol_edilecek\19_2026-07-03_1m30s\audio.wav,data\02_kontrol_edilecek\19_2026-07-03_1m30s\transcript.txt,"[00:08] Konuşmacı 1: Merhaba, ziyaret girişinizi dinliyorum.
[00:11] Konuşmacı 2: Merhaba. Bugün kardiyoloji ünitesinden Doktor Ahmet Yılmaz'ı ziyaret ettim.
[00:19] Konuşmacı 1: Hangi ürün üzerindeydi görüşmeniz?
[00:22] Konuşmacı 2: Kendisine KardioX ve NeuroPro isimli ilaçlarımızı ilaçlarımızın tanıtımını yaptım.
[00:30] Konuşmacı 1: Peki, Doktor Ahmet Bey'in geri bildirimi ne oldu?
[00:33] Konuşmacı 2: Onun yaklaşımları oldukça olumluuydu. Özellikle KardioX'in yeni klinik çalışmasıyla yakından ilgilendi.
[00:42] Konuşmacı 1: Harika. Sonraki aksiyon olarak ne planladınız?
[00:46] Konuşmacı 2: Eee gelecek sefer için hatırlatma notu olarak önümüzdeki ay yapacağı sunum öncesi ona güncel literatür çalışmasını e-postayla göndermem gerekiyor.
[00:59] Konuşmacı 1: Anladım. Güncel literatür çalışmasını e-postayla göndereceksiniz. Başka bir şey eklemek ister misiniz?
[01:03] Konuşmacı 2: Bu kadar.
[01:10] Konuşmacı 1: Tamamdır. Notlarınızı kaydettim. Başka bir konuda yardımcı olabilir miyim?
[01:14] Konuşmacı 2: Teşekkür ediyorum. İyi günler diliyorum.
[01:24] Konuşmacı 1: Ben teşekkür ederim. İyi günler dilerim."
21_2026-07-02_1m38s,kayitlar,draft_or_human_corrected,data\kayitlar\21_2026-07-02_1m38s\audio.wav,data\kayitlar\21_2026-07-02_1m38s\transcript.txt,"[00:00] [sessizlik]
[00:08] [konuşmacı 1]: Merhaba, doktor ziyaretimle ilgili notları almak için buradayım. Hazırım, anlatmaya başlayabilirim. Kime gittin ve nerede görev yapıyor? Bununla başlayalım.
[00:29] [konuşmacı 2]: Eee doktor Ahmet'i gördüm.
[00:34] [konuşmacı 1]: Doktor Ahmet, hangi kurumda görev yapıyor ve hangi ürünü tanıttınız?
[00:41] [konuşmacı 2]: Eee Fatih Sultan Mehmet Hastanesi.
[00:47] [konuşmacı 1]: Teşekkürler. Tanıtılan ürün neydi ve görüşme nasıl geçti?
[00:52] [konuşmacı 2]: Demomix ürününü tanıttım. Görüşme güzel geçti.
[00:58] [konuşmacı 1]: Doktor beyin geri bildirimi nasıldı? Memnun oldu mu ve sonraki aksiyonunuz nedir?
[01:04] [konuşmacı 2]: Eee memnun oldu. Sonraki aksiyonum yok.
[01:10] [konuşmacı 1]: Anladım. Doktor Ahmet, Fatih Sultan Mehmet Hastanesinde Demomix ürününü tanıttınız. Görüşme iyi geçti ve doktor memnun kaldı. Başka bir eylem planınız yok. Kaydınızı tamamlıyorum. Başka bir konuda yardımcı olabilir miyim?
[01:24] [konuşmacı 2]: Yok, teşekkürler.
[01:27] [konuşmacı 1]: Rica ederim. İyi çalışmalar.
[01:31] [sessizlik]"
01_2026-06-04_0m22s,kayitlar,draft_or_human_corrected,data\kayitlar\01_2026-06-04_0m22s\audio.wav,data\kayitlar\01_2026-06-04_0m22s\transcript.txt,"[00:03] Konuşmacı 2: Alo.
[00:05] [sessizlik]
[00:07] Konuşmacı 1: Merhaba Veribase İlaç Şirketi'nden arıyorum. Ben Elif. Size isminizle hitap edebilmem için isminizi öğrenebilir miyim? Memnun oldum Yakup Bey. Şu an Demo Melvora 3 miligram tablet, Demo Nexora damla ve Demonik Sakrem için harika bir kampanyamız var. Değerlendir"
26_2026-05-26_1m58s,kayitlar,draft_or_human_corrected,data\kayitlar\26_2026-05-26_1m58s\audio.wav,data\kayitlar\26_2026-05-26_1m58s\transcript.txt,"[00:00] [anlaşılmıyor]
[00:21] Konuşmacı 1: Merhaba Veribase ilaç şirketinden arıyorum ben Elif. Size isminiz ile hitap edebilmem için isminizi öğrenebilir miyim?
[00:29] Konuşmacı 2: Ben ismim Sadettin.
[00:39] Konuşmacı 2: Alo
[00:46] Konuşmacı 1: Memnun oldum ben Elif. Şu an demo Alira, demo Nexora ve demo Tervix için harika bir kampanyamız var. Değerlendirmek ister misiniz?
[00:53] Konuşmacı 2: Yok istemiyorum.
[00:56] [anlaşılmıyor]
[00:59] Konuşmacı 1: Anladım. Başka bir isteğiniz var mı?
[01:00] Konuşmacı 2: Yok kapatabiliriz.
[01:05] [anlaşılmıyor]
[01:06] Konuşmacı 1: Rica ederim. İyi günler dilerim. Hoşça kalın.
[01:10] [anlaşılmıyor]
[01:23] Konuşmacı 2: Orada mısın?
[01:31] [anlaşılmıyor]
[01:32] Konuşmacı 1: Rica ederim. İyi günler dilerim. Hoşça kalın."
16_2026-05-20_1m20s,01_duzeltilecek,human_corrected,data\01_duzeltilecek\16_2026-05-20_1m20s\audio.wav,data\01_duzeltilecek\16_2026-05-20_1m20s\transcript.txt,"[00:01] Konuşmacı 2: Merhaba.
[00:03] Konuşmacı 1: Merhaba, Hoş geldiniz.
[00:08] Konuşmacı 2: Alo.
[00:10] Konuşmacı 2: Efendim?
[00:12] Konuşmacı 2: Alo?
[00:14] Konuşmacı 2: Alo?
[00:21] Konuşmacı 1: Merhaba. Hoş geldiniz.
[00:31] Konuşmacı 2: Merhaba.
[00:32] Konuşmacı 1: Merhaba. Hoş geldiniz.
[00:35] Konuşmacı 2: Merhaba. Hoş geldiniz.
[00:38] Konuşmacı 1: Merhaba. Hoş geldiniz.
[00:42] Konuşmacı 2: Hoş geldiniz.
[00:45] Konuşmacı 2: Merhaba. Hoş geldiniz.
[00:50] Konuşmacı 2: Merhaba. Hoş geldiniz.
[00:54] Konuşmacı 1: Merhaba. Hoş geldiniz.
[01:00] Konuşmacı 1: Merhaba. Hoş geldiniz.
[01:04] Konuşmacı 1: Merhaba. Hoş geldiniz."
17_2026-05-26_1m21s,kayitlar,draft_or_human_corrected,data\kayitlar\17_2026-05-26_1m21s\audio.wav,data\kayitlar\17_2026-05-26_1m21s\transcript.txt,"[00:00] [anlaşılmıyor]
[00:16] Konuşmacı 1: Merhaba Veribase İlaç şirketinden arıyorum. Ben Elif. Size isminiz ile hitap edebilmem için isminizi öğrenebilir miyim?
[00:23] Konuşmacı 2: İsmim Sadettin.
[00:27] Konuşmacı 1: Memnun oldum Sadettin Bey. Şu an Demo Alira 30 miligram kapsül, Demora nexora damla ve Demotervix 250 miligram serçe için harika bir kampanyamız var. Değerlendirmek ister misiniz?
[00:39] Konuşmacı 2: Yok değerlendirmek istemiyorum. Teşekkürler.
[00:44] Konuşmacı 1: Anladım Sadettin Bey. Başka bir şeye yardımcı olabilir miyim?
[00:49] Konuşmacı 2: Yok. Kapatabiliriz."
28_2026-05-26_2m28s,kayitlar,draft_or_human_corrected,data\kayitlar\28_2026-05-26_2m28s\audio.wav,data\kayitlar\28_2026-05-26_2m28s\transcript.txt,"[00:00] [sessizlik]
[00:14] Konuşmacı 2: Helo orada mısın?
[00:19] [sessizlik]
[00:19] Konuşmacı 1: Merhaba Veribase sipariş temsilcisi Elif. Nasıl yardımcı olabilirim?
[00:23] Konuşmacı 2: Merhaba. Nasılsınız?
[00:31] Konuşmacı 1: Teşekkür ederim, ben de iyiyim. Siz nasılsınız? Bu arada Demo Alvira 30 mg kapsül, Demo Nexora damla ve Demo tervix 250 mg saşe için harika bir kampanyamız var. Değerlendirmek ister misiniz?
[00:43] Konuşmacı 2: Yok, sağ ol.
[00:48] Konuşmacı 1: Elbette, nasıl yardımcı olabilirim?
[00:52] Konuşmacı 2: Amacınız nedir?
[00:55] Konuşmacı 1: İlaç siparişi vermek istemiştiniz değil mi? Hangi ilacı aramak istersiniz?
[01:03] Konuşmacı 2: Ee, Demo Alvira.
[01:08] Konuşmacı 1: Demo Alvira 30 mg 30 kapsül buldum. Ekleyeyim mi?
[01:14] Konuşmacı 2: Ekleyebilirsin.
[01:21] [sessizlik]
[01:22] Konuşmacı 2: Ekledin mi?
[01:26] Konuşmacı 1: Henüz eklemedim. Onayınızı bekliyorum. Sepete ekleyeyim mi?
[01:30] Konuşmacı 2: Ekleyebilirsin.
[01:35] Konuşmacı 1: Demo Alvira 30 mg kapsül sepete eklendi. Başka bir isteğiniz var mı?
[01:42] Konuşmacı 2: Tamam, şimdilik yeterli. Teşekkür ediyorum.
[01:48] Konuşmacı 1: Rica ederim. Hangi depodan sipariş vermek istersiniz?
[01:52] Konuşmacı 2: Yok, ben kapatmak istiyorum.
[01:58] Konuşmacı 1: Anladım. Ancak siparişi tamamlamamız için bir depo seçmemiz gerekiyor. Hangi depoyla çalışmak istersiniz?
[02:04] Konuşmacı 2: Sipariş vermeyeceğim. Telefonu kapatabilir miyiz?
[02:16] [sessizlik]
[02:22] Konuşmacı 2: Sesim gelmiyor mu?
[02:26] [sessizlik]"
10_2026-05-25_0m47s,kayitlar,draft_or_human_corrected,data\kayitlar\10_2026-05-25_0m47s\audio.wav,data\kayitlar\10_2026-05-25_0m47s\transcript.txt,"[00:23] Konuşmacı 1: Merhaba Veribase İlaç şirketinden arıyorum. Ben Elif. Size isminiz ile hitap edebilmem için isminizi öğrenebilir miyim?
[00:32] Konuşmacı 2: Ben Saadet [anlaşılmıyor] Teksoy.
[00:37] Konuşmacı 2: Alo.
[00:39] Konuşmacı 2: Ses [anlaşılmıyor] 3 4 5 6 [anlaşılmıyor] 7 8 9 10."
01_2026-07-23_0m19s,02_kontrol_edilecek,human_checked,data\02_kontrol_edilecek\01_2026-07-23_0m19s\audio.wav,data\02_kontrol_edilecek\01_2026-07-23_0m19s\transcript.txt,"[00:00] Konuşmacı 1: Deva Veribase İlaç şirketinden arıyorum ismim Elif. Demomix kampanyalarımız hakkında bilgi vermek üzere aramıştım müsait miydiniz?
[00:13] Konuşmacı 2: Hayır, müsait değilim."
43_2026-07-06_4m09s,kayitlar,draft_or_human_corrected,data\kayitlar\43_2026-07-06_4m09s\audio.wav,data\kayitlar\43_2026-07-06_4m09s\transcript.txt,"[00:01] Konuşmacı 1: Alo.
[00:03] Konuşmacı 2: Merhaba, Veribase İlaç şirketinden arıyorum.
[00:05] Konuşmacı 1: Pardon, nereden arıyorsun?
[00:07] Konuşmacı 2: Demomix 30 miligram Demomix 30 [anlaşılmıyor] musunuz?
[00:11] Konuşmacı 1: Pardon anlamadım.
[00:15] Konuşmacı 2: Demomix 30 bilmek ister misiniz?
[00:17] Konuşmacı 1: Karıştırıyor bak deme.
[00:19] Konuşmacı 1: Stoplarla şey karışıyor galiba.
[00:25] Konuşmacı 2: Anlıyorum. Kampanyalarla ilgili bilgi almak istemiştiniz, değil mi?
[00:30] Konuşmacı 1: Evet, anlatır mısınız?
[00:31] Konuşmacı 2: Hangi ürünün kampanyasını merak ediyorsunuz? Elbette. Demomix 30 miligram tablet ve Demomix 10 miligram tablet için kampanyalarımız bulunuyor. Hangisiyle ilgili bilgi almak istersiniz?
[00:41] Konuşmacı 1: Demomix'i detaylı anlatır mısın?
[00:46] Konuşmacı 2: Demomix 10 miligram tablette 4 alana 3 [anlaşılmıyor] dava.
[00:49] Konuşmacı 2: Demomix 30 miligram [anlaşılmıyor]
[00:50] Konuşmacı 2: Evet.
[00:51] Konuşmacı 2: Demomix için kampanyalarımız bu şekilde. Eklemek ister misiniz?
[00:55] Konuşmacı 1: Bir daha söyler misin kampanya detayını?
[01:00] Konuşmacı 1: [anlaşılmıyor] şey yapılmış.
[01:01] Konuşmacı 2: Elbette, tekrarlıyorum.
[01:02] Konuşmacı 2: Demomix 10 miligram tablette 4 alana 3 bedava.
[01:06] Konuşmacı 2: Demomix, elbette ne istersiniz?
[01:09] Konuşmacı 1: Böyle oldu ya.
[01:11] Konuşmacı 1: [anlaşılmıyor] çok tırp değil.
[01:12] Konuşmacı 1: Çok tırp değil evet.
[01:13] Konuşmacı 1: Beni başta bir karıştırdı ama şeyin yerim kaldı galiba şeyin.
[01:17] Konuşmacı 1: Pardon bir daha söyler misin kampanyaları?
[01:22] Konuşmacı 2: Tabii, hemen tekrarlıyorum.
[01:24] Konuşmacı 2: Demomix 10 miligram tablette 4 alana 3 bedava, Demomix 30 miligram tablette 10 alana 6 bedava kampanyası bulunuyor. Eklemek ister misiniz?
[01:32] Konuşmacı 1: [anlaşılmıyor] Duyamadım, bir daha söyler misin?
[01:36] Konuşmacı 2: Demomix 10 miligram tablette 4 alana 3 bedava.
[01:40] Konuşmacı 2: Demomix 30 miligram [anlaşılmıyor]
[01:41] Konuşmacı 2: Buyurun bilmiyorum.
[01:42] Konuşmacı 1: Neyi bilmiyorsun?
[01:45] Konuşmacı 1: [anlaşılmıyor]
[01:47] Konuşmacı 1: Anlamadım.
[01:51] Konuşmacı 1: Orada mısın?
[01:56] Konuşmacı 2: Buradayım. Nasıl yardımcı olabilirim?
[02:00] Konuşmacı 1: Şeyde de sorun olmasın diye. Neydi?
[02:03] Konuşmacı 1: Evet buradayım.
[02:04] Konuşmacı 1: Çantalamayla da oynadım da çantalamada da belki falanlar dur şu an.
[02:09] Konuşmacı 2: Anlıyorum.
[02:10] Konuşmacı 2: Kampanyalarla ilgili bilgi almak istemiştiniz, değil mi?
[02:13] Konuşmacı 2: Evet.
[02:16] Konuşmacı 2: Demomix 10 miligram tablette 4 alana 3 bedava, Demomix 30 miligram tablette 10 alana 6 bedava kampanyası var.
[02:23] Konuşmacı 2: Ekleyelim mi?
[02:24] Konuşmacı 1: [anlaşılmıyor]
[02:24] Konuşmacı 2: Tekrarlıyorum.
[02:25] Konuşmacı 2: Demomix 10 miligram tablette 4 alana 3 bedava, Demomix [anlaşılmıyor]
[02:30] Konuşmacı 2: Demomix 10 miligram tablette 4 alana 3 bedava, Demomix 30 miligram tablette 10 alana 6 bedava kampanya [anlaşılmıyor]
[02:38] Konuşmacı 1: Adın ne?
[02:39] Konuşmacı 2: İsmim Elif. Nasıl yardımcı olabilirim?
[02:42] Konuşmacı 1: [anlaşılmıyor] Çiftçi ama [anlaşılmıyor] kes.
[02:44] Konuşmacı 1: Neyi?
[02:47] Konuşmacı 1: [anlaşılmıyor] kes [anlaşılmıyor]
[02:49] Konuşmacı 1: İşte aslında şey, bir konuşma var. Git oraya, onu interapt olarak al diyorum.
[02:55] Konuşmacı 2: Anlıyorum. Şu an şey yaşıyoruz, konuşmuyoruz.
[02:59] Konuşmacı 2: Tamam odaklan [anlaşılmıyor] odaklanmış.
[03:00] Konuşmacı 2: Kampanyalarımızla ilgili bilgi [anlaşılmıyor] gidiyor. Interapt veriyor, kes diyor bunu.
[03:05] Konuşmacı 2: Onlara bakacağım.
[03:07] Konuşmacı 2: Görüşme konuşmasında yani sen konuşunca [sessizlik] bir konuşma var ya, sipariş talebiniz yoksa görüşmeyi sonlandırabiliriz.
[03:15] Konuşmacı 1: Kendi kendime [anlaşılmıyor]
[03:19] Konuşmacı 2: Talebiniz yoksa görüşmeyi sonlandırabiliriz.
[03:24] Konuşmacı 2: Onlar şey ya.
[03:27] Konuşmacı 2: Test case'leri. Ben şu an stop test ediyorum sadece.
[03:32] Konuşmacı 2: Görüşme konusu dışında yardımcı olamıyorum.
[03:34] Konuşmacı 2: Sipariş talebiniz yoksa [sessizlik]
[03:36] Konuşmacı 2: ama [sessizlik] cevap vermişlerdir.
[03:39] Konuşmacı 2: Cevap vermedi diyemezsin.
[03:44] Konuşmacı 2: Anlıyorum.
[03:45] Konuşmacı 2: Ancak ben sadece ilaç siparişleri konusunda yardımcı [anlaşılmıyor]
[03:48] Konuşmacı 2: Sesinin seviyesi düşük. Onu belki yakalayıp kişilemem.
[03:54] Konuşmacı 2: Tekrar belirteyim. Başka bir konuda yardımcı olamam.
[03:57] Konuşmacı 1: Suheyp hadi gidelim.
[04:01] Konuşmacı 1: Ben gidiyorum. Görüşmek üzere.
[04:05] Konuşmacı 2: Görüşmek üzere, hoşça kalın.
[04:08] Konuşmacı 1: En azından bay bay."
30_2026-07-02_2m52s,kayitlar,draft_or_human_corrected,data\kayitlar\30_2026-07-02_2m52s\audio.wav,data\kayitlar\30_2026-07-02_2m52s\transcript.txt,"[00:08] Konuşmacı 1: Merhaba Veribase ilaç şirketinden arıyorum ismim Elif. Demomix 30 miligram tablet ve Demomix 10 miligram tablet için kampanyalarımız hakkında bilgi vermek üzere aramıştım. Müsait miydiniz?
[00:17] Konuşmacı 2: [anlaşılmıyor]
[00:26] Konuşmacı 2: Evet, müsaitim buyurun.
[00:30] Konuşmacı 1: Teşekkür ederim. Demomix 30 miligram tablet ve Demomix 10 miligram tablet ürünlerinde alım miktarına göre kampanyalarımız mevcut. Değerlendirmek ister misiniz? Yoksa başka bir şeye yardımcı olabilir miyim?
[00:40] Konuşmacı 2: Başka hangi ürünleriniz var?
[00:44] Konuşmacı 1: Elimizde Parol, Algümentin, Arveles, Stiliz Beauty Care, Stiliz Dental ve Demomix çeşitleri bulunuyor. Hangi ilacı merak etmiştiniz?
[00:53] Konuşmacı 2: Arveles hmm Arveles'te bir kampanya var mı?
[01:03] Konuşmacı 1: Arveles için şu an bir kampanya görünmüyor ama elimizde mevcut. Başka bir konuda yardımcı olabilir miyim?
[01:09] Konuşmacı 2: hangi ürünler var demiştiniz.
[01:13] Konuşmacı 1: Parol, Algümentin, Arveles, Stiliz Beauty Care, Stiliz Dental ve Demomix çeşitlerimiz mevcut.
[01:21] Konuşmacı 2: Yani kampanya başka kampanyanız var mı?
[01:26] Konuşmacı 1: Evet. Demomix 30 miligram tablet ve Demomix 10 miligram tablet ürünlerinde kampanyalarımız devam ediyor. Detaylı bilgi vermek [anlaşılmıyor], değerlendirmek ister misiniz?
[01:34] Konuşmacı 2: Şu 30 miligramın Demomix 30 miligramın kampanyası nedir?
[01:43] Konuşmacı 1: Demomix 30 miligram tablette 10 alana 6 bedava kampanyamız bulunuyor. Eklemek ister misiniz?
[01:49] Konuşmacı 2: Olur. Sepete 10 adet ekleyelim.
[01:55] Konuşmacı 1: Üzgünüm bir aksilik oldu. Demomix 30 miligram tableti tekrar eklemeyi dener misiniz?
[02:03] Konuşmacı 2: Evet.
[02:05] Konuşmacı 1: Tekrar denememe rağmen bir sorun oluştu. İsterseniz önce ilacı arayarak teyit edelim. Sonra sepete ekleyelim. Demomix 30 miligram tablet için tekrar arama yapayım mı?
[02:14] Konuşmacı 2: Otomatik olarak arama yapman lazım zaten.
[02:19] Konuşmacı 1: Demomix 30 miligram tablet bulundu. Sepete ekleyebiliriz. Kaç adet istersiniz?
[02:23] Konuşmacı 2: 10 adet ekleyelim.
[02:27] Konuşmacı 1: 10 adet Demomix 30 miligram tableti sepete ekledim. Başka bir şeye ihtiyacınız var mı?
[02:32] Konuşmacı 2: Hayır. Demomix 30 miligramın fiyatı ne kadar?
[02:40] Konuşmacı 1: Demomix 30 miligram tabletin fiyatı 6 TL. Başka bir konuda yardımcı olabilir
[02:44] Konuşmacı 2: Yok, gayet. Teşekkür ederim.
[02:49] Konuşmacı 1: Rica ederim. İyi günler diliyorum."
09_2026-06-30_0m45s,kayitlar,draft_or_human_corrected,data\kayitlar\09_2026-06-30_0m45s\audio.wav,data\kayitlar\09_2026-06-30_0m45s\transcript.txt,"[00:07] Konuşmacı 2: Merhaba, Veribase ilaç şirketinden arıyorum. İsmim Elif. Demomix 30 miligram tablet ve Demomix 10 miligram tablet için kampanyalarımız hakkında bilgi vermek üzere aramıştım. Müsait miydiniz?"
13_2026-07-02_1m06s,kayitlar,draft_or_human_corrected,data\kayitlar\13_2026-07-02_1m06s\audio.wav,data\kayitlar\13_2026-07-02_1m06s\transcript.txt,"[00:00] Konuşmacı 1: Alo.
[00:07] Konuşmacı 1: Merhaba, ziyaret girişinizi diliyorum.
[00:13] Konuşmacı 2: Merhaba.
[00:15] Konuşmacı 1: Evet, diliyorum.
[00:18] Konuşmacı 2: Fatih Sultan Mehmet Hastanesi'nde doktor Ahmet'i gördüm.
[00:25] Konuşmacı 1: Hı hı. Hangi ürünü konuştunuz?
[00:29] Konuşmacı 2: Eee Demamix ürününü anlattım.
[00:33] Konuşmacı 1: Peki doktorun tepkisi nasıldı?
[00:36] Konuşmacı 2: Doktor, güzel bir tepki verdi. Ürünü beğendi.
[00:41] Konuşmacı 1: Harika. Sonrasında bir aksiyon planı çıkardınız mı?
[00:45] Konuşmacı 2: Haftaya tekrar ziyaret edeceğim.
[00:49] Konuşmacı 1: Anladım. Başka bir not var mı?
[00:52] Konuşmacı 2: Başka bir not yok.
[00:55] Konuşmacı 1: Tamamdır. Doktor Ahmet ile ilgili notları kaydettim. Teşekkürler. İyi çalışmalar.
[01:00] Konuşmacı 2: iyi Çalışmalar."
33_2026-06-08_3m05s,kayitlar,draft_or_human_corrected,data\kayitlar\33_2026-06-08_3m05s\audio.wav,data\kayitlar\33_2026-06-08_3m05s\transcript.txt,"[00:00] [anlaşılmıyor]
[00:04] [anlaşılmıyor]
[00:07] Konuşmacı 1: Merhaba Veribase İlaç Şirketi'nden arıyorum. Ben Elif. İsminizle hitap edebilmem için isminizi öğrenebilir miyim?
[00:13] Konuşmacı 2: Hasan.
[00:23] Konuşmacı 2: Hasan.
[00:35] Konuşmacı 1: Memnun oldum Hasan Bey. Şu an Demo Melvora, Demo Biotexa ve Demo Florix için harika bir kampanyamız var. Değerlendirmek ister misiniz?
[00:43] Konuşmacı 2: [sessizlik]
[00:46] Konuşmacı 1: Elbette buyurun.
[00:49] Konuşmacı 1: Hangisini öneriyorsun?
[00:54] Konuşmacı 1: Demo Alvira 30 mg Kapsül, Demo Nexora Damla ve Demo Telx 250 mg saşe için kampanyalarımız mevcut. İlgilendiğiniz bir ürün var mı?
[01:03] Konuşmacı 2: Demo Nexora.
[01:17] Konuşmacı 1: Demo Nexora Damla buldum. Sepete ekle
[01:21] Konuşmacı 2: [anlaşılmıyor] ekle de mi? [sessizlik] Ekleme ya.
[01:26] Konuşmacı 1: Ekleme lütfen.
[01:31] Konuşmacı 1: Bir adet Demo Nexora Damla sepete eklendi. Başka yardımcı olabileceğim bir şey var mı?
[01:36] Konuşmacı 2: [anlaşılmıyor] sesin iyi anlamıyor.
[01:39] Konuşmacı 1: Beni [anlaşılmıyor]
[01:40] Konuşmacı 1: Beni anlayabiliyor musun?
[01:47] Konuşmacı 2: Ya arkadaş bu hali bu olmaz ya bu çok çok [anlaşılmıyor]
[01:54] Konuşmacı 2: O şeyle mikrofonla konuşmaya benzemiyor yani. Hiç alakası yok yani. Bir mikrofona konuşurken [anlaşılmıyor] normal bilgisayardan [anlaşılmıyor] yine çözünürdü bence sesiniz. Anlama konuşur mu acaba?
[02:10] Konuşmacı 1: Beni anlayabiliyor musun?
[02:14] Konuşmacı 2: Ya o şeyde sıkıntı var. Çünkü biz ciro artan ciro'nun anlayacağı seviye çıkartıyoruz ya da mesela [anlaşılmıyor] sesini çeviriyor neden? Transferin bize verdiği format cemine uygun değil.
[02:29] Konuşmacı 2: Cemine istediği format yani 200'den ortaya çift, 400'e çift, [anlaşılmıyor] belki 600 derken? Yani 48.000 ciro'dan başla derse ondan 32.000, ondan sonra 16.000, ondan sonra 8.000, hafta 8.000'ler. [anlaşılmıyor] 8.000 veriyor ama cemine 16.000 anlıyor. Biz onu 8.000'le 16.000 çıkartıyoruz yani dolayısıyla.
[02:51] Konuşmacı 2: Açıp çeviriyor.
[02:54] Konuşmacı 2: Oradan yani bir sıkıntı olmuş. Şu an komple bağlantı gitti.
[02:57] Konuşmacı 1: Sen beni duyuyor musun?
[03:00] [anlaşılmıyor]"
22_2026-06-24_2m09s,02_kontrol_edilecek,human_checked,data\02_kontrol_edilecek\22_2026-06-24_2m09s\audio.wav,data\02_kontrol_edilecek\22_2026-06-24_2m09s\transcript.txt,"[00:00] [sessizlik]
[00:09] Konuşmacı 1: Merhaba Veribase ilaç şirketinden arıyorum ben Elif. Size isminiz ile hitap edebilmem için ismimi söyler misiniz?
[00:00:18] Konuşmacı 2: İsmim Mahmut.
[00:00:22] Konuşmacı 1: Memnun oldum Mahmut Bey. Şu an hediyelik çeki, altın ve demo miks ürünleri için harika bir kampanyamız var. Değerlendirmek ister misiniz?
[00:00:32] Konuşmacı 2: Tabii hediyelik çeki nedir?
[00:00:39] Konuşmacı 1: Hediyelik çeki ile ilgili bir kampanyaya rastlayamadım. İsterseniz başka bir ürün veya depo bakabiliriz.
[00:00:44] Konuşmacı 2: [anlaşılmıyor] mesela örnek nedir?
[00:00:48] Konuşmacı 1: Demomix için bir kampanyamız mevcut. Bununla ilgili bilgi alabilir veya sepete ekleyebiliriz. Ne dersiniz?
[00:00:54] Konuşmacı 2: Kampanyası nedir?
[00:00:59] Konuşmacı 1: Demomix'te 4 alana 3 bedava kampanyamız var. Hangi versiyonu düşünürsünüz?
[00:01:05] Konuşmacı 2: Bir milyon alsak ne olur?
[00:01:10] Konuşmacı 1: 1 milyon kutu için özel bir fiyatlandırma yapmamız gerekir. Bunu isterseniz not alabilirim. Başka bir ürün veya depo bakmak ister misiniz?
[00:01:19] Konuşmacı 2: Nereye not ediyorsun bunu?
[00:01:24] Konuşmacı 1: Sipariş notlarınıza ekleyebilirim. Böylece ilgili kişiler bu talebi görebilir. Ne dersiniz?
[00:01:30] Konuşmacı 2: Tamam ekleyin sipariş notunu ekleyebilirsin.
[00:01:35] Konuşmacı 1: Üzgünüm bu talebi şu an doğrudan ekleyemiyorum. Ancak isterseniz daha sonra tekrar aranmak için bir not bırakabiliriz.
[00:01:45] Konuşmacı 2: Tamam bırakalım.
[00:01:49] Konuşmacı 1: Yarın sabah tekrar aranmak ister misiniz?
[00:01:51] Konuşmacı 2: Evet yarın sabah arayabilirsin.
[00:01:56] Konuşmacı 1: Anladım Mahmut Bey. Talebinizi not ettim. Yarın sabah tekrar görüşmek üzere. İyi günler dilerim.
[00:02:04] Konuşmacı 2: İyi günler."
27_2026-06-01_2m17s,kayitlar,draft_or_human_corrected,data\kayitlar\27_2026-06-01_2m17s\audio.wav,data\kayitlar\27_2026-06-01_2m17s\transcript.txt,"[00:03] Konuşmacı 2: Alo Alo Alo
[00:18] Konuşmacı 1: Merhaba Veribase İlaç Stüdyosu'ndan arıyorum ben Elif. Size isminiz ile hitap edebilmem için isminizi öğrenebilir miyim?
[00:25] Konuşmacı 2: İsmim Mahmut.
[00:37] Konuşmacı 2: İsmim Mahmut.
[00:39] Konuşmacı 2: Orada mısın?
[00:41] Konuşmacı 1: Buradayım. İsminizi öğrenebilir miyim?
[00:43] Konuşmacı 2: ismim Mahmut.
[00:51] Konuşmacı 1: Memnun oldum Murat Bey. Şu an Demo Alra 30 miligram kapsül, Demo Nexora damla ve Demo Servix 250 miligram şase için harika bir kampanyamız var. Değerlendirmek ister misiniz?
[01:04] [sessizlik]
[01:05] Konuşmacı 2: [anlaşılmıyor] bir düşüneyim, düşünüyorum.
[01:14] Konuşmacı 2: Yok, istemiyorum.
[01:23] Konuşmacı 2: Yok, istemiyorum.
[01:27] Konuşmacı 1: Elbette nasıl yardımcı olabilirim?
[01:30] Konuşmacı 2: Yardımcı olamazsın.
[01:36] Konuşmacı 1: Anladım. Başka bir konuda yardımcı olabilir miyim?
[01:43] Konuşmacı 2: Yok, olamazsın.
[02:01] Konuşmacı 2: Neden cevap vermiyorsun?
[02:13] Konuşmacı 1: Peki görüşmek üzere, iyi günler dilerim."
47_2026-06-01_4m30s,kayitlar,draft_or_human_corrected,data\kayitlar\47_2026-06-01_4m30s\audio.wav,data\kayitlar\47_2026-06-01_4m30s\transcript.txt,"[00:00] [sessizlik]
[00:19] [sessizlik]
[00:22] Konuşmacı 1: Merhaba, Veribase Şirketi'nden arıyorum. Ben Elif. Size isminiz ile hitap edebilmem
[00:23] için isminizi öğrenebilir miyim?
[00:30] Konuşmacı 2: İsmim Abdülrezzak.
[00:34] Konuşmacı 1: Memnun oldum Abdülrezzak Bey. Şu an Demo Alvira 30 mg kapsül, Demo Nexora damla ve Demo Tervix 250 mg karşı eklemek ister misiniz?
[00:43] Bu 3 ürünümüzde özel bir kampanya mevcut. İsterseniz detayları paylaşabilirim, başınıza geçebiliriz. Hangi ürünün kampanyasını merak ettiniz?
[00:54] Konuşmacı 2: A ürünü.
[00:57] Konuşmacı 1: Demo Alvira 30 mg kapsülde 5 alana 1 bedava kampanyamız var.
[01:03] eklemek ister misiniz?
[01:12] Konuşmacı 2: [anlaşılmıyor]
[01:14] [anlaşılmıyor]
[01:15] [sessizlik]
[01:17] Konuşmacı 1: Anlayamadım, hangi ilacı ekleyim?
[01:21] Konuşmacı 2: Bana bir fıkra anlatabilir misin?
[01:23] Konuşmacı 1: Maalesef Nolo isminde bir ilaç bulamadım. Pardon, bir açılmak oldu. Hangi ilacı eklememi istemiştiniz?
[01:31] Konuşmacı 2: Bana fıkra anlatabilir misin?
[01:39] Konuşmacı 2: Duyuyor musun?
[01:43] Konuşmacı 1: Evet, duyuyorum. Tekrar yardımcı olabilirim? Ne istemiştiniz?
[01:46] Konuşmacı 2: Bana hasta anlatabilir misin?
[01:50] Konuşmacı 1: Ben bir ilaç sipariş temsilcisiyim ve size bu konuda yardımcı olabilirim. Fıkra anlatma yeteneğim bulunmuyor. Ancak başka bir konuda yardımcı olabilir miyim? Fıkra istiyorum.
[02:04] Konuşmacı 1: Anlıyorum ama dediğin gibi benim böyle bir yeteneğim yok. Lütfen ilaç siparişi konusunda yardımcı olmamı ister misiniz?
[02:16] [sessizlik]
[02:47] Konuşmacı 2: Öksürüyor ki.
[02:51] [sessizlik]
[02:56] Konuşmacı 2: Öksürmedi ki öksür.
[03:00] [sessizlik]
[03:06] Konuşmacı 2: Öksürdü ki.
[03:08] [sessizlik]
[03:10] Konuşmacı 2: Öksürmemişsin, tamam mı?
[03:12] Konuşmacı 1: Maalesef glü glü isminde bir ilaç bulamadım. Tekrar kontrol edebilir misiniz?
[03:20] [sessizlik]
[03:42] [sessizlik]
[03:47] Konuşmacı 2: Gökay, WhatsApp.
[03:51] Konuşmacı 1: Elbette, baştan alabiliriz. Nasıl yardımcı olabilirim?
[03:55] [sessizlik]
[04:08] Konuşmacı 1: Buyurun, bilmiyorum.
[04:12] [sessizlik]"
03_2026-06-26_0m25s,01_duzeltilecek,human_corrected,data\01_duzeltilecek\03_2026-06-26_0m25s\audio.wav,data\01_duzeltilecek\03_2026-06-26_0m25s\transcript.txt,"[00:00] [sessizlik]
[00:05] [anlaşılmıyor]
[00:08] Konuşmacı 1: Merhaba. Veribase İlaç Şirketinden arıyorum. İsmim Elif.
[00:12] [sessizlik]
[00:18] Konuşmacı 1: Demomix 30 mg tablet ve Demomix 10 mg tablet için kampanyalarımız hakkında bilgi vermek üzere aramıştım. Müsait miydiniz?"
41_2026-05-26_3m53s,kayitlar,draft_or_human_corrected,data\kayitlar\41_2026-05-26_3m53s\audio.wav,data\kayitlar\41_2026-05-26_3m53s\transcript.txt,"[00:03] [sessizlik]
[00:15] Konuşmacı 1: Alo, duyabiliyor musunuz? Veribase İlaç Şirketi'nden arıyorum. Ben Elif. Size isminizle hitap edebilmem için isminizi öğrenebilir miyim?
[00:23] Konuşmacı 2: Evet duyuyorum. İsmim Mahmut.
[00:30] Konuşmacı 1: Memnun oldum Mahmut Bey. Şu an Demo Alvira, Demo Nexora ve Demo Tervix için harika bir kampanyamız var. Değerlendirmek ister misiniz?
[00:39] Konuşmacı 2: Detayları dinleyebilir miyim?
[00:46] Konuşmacı 1: Elbette Mahmut Bey. Demo Alvira, Demo Nexora ve Demo Tervix ürünlerinin her biri 5 alana 1 bedava kampanyasında. Ayrıca başka kampanyalarımız da var. İsterseniz bilgi verebilirim. Ne dersiniz?
[01:04] Konuşmacı 2: Olur, dinleyebilirim.
[01:10] Konuşmacı 1: Demo Probexa, Demo Melvora ve Demo Relvion Pro'da 5 alana 2 bedava kampanyası var. Diğer ürünlerimizde de farklı kampanyalar mevcut. İlaç adı söylemek ister misiniz? Rica ederim, hangi ilacın kampanyasını merak etmiştiniz?
[01:31] Konuşmacı 2: [anlaşılmıyor]
[01:33] Konuşmacı 1: Buradayım Mahmut Bey, dinliyorum.
[01:39] Konuşmacı 1: Buyurun, nasıl yardımcı olabilirim?
[01:42] Konuşmacı 2: [anlaşılmıyor]
[01:47] Konuşmacı 1: Elbette tekrar söylüyorum. Demo Alvira, Demo Nexora ve Demo Tervix ürünlerinde 5 alana bir bedava kampanyası, Demo Probexa, Demo Melvora ve Demo Relvion Pro'da 5 alana iki bedava kampanyası var. Başka kampanyalarımız da mevcut.
[02:47] Konuşmacı 1: Elbette Mahmut Bey, bekliyorum.
[02:51] Konuşmacı 2: Bekler misin?
[02:56] Konuşmacı 1: Buyurun Mahmut Bey, dinliyorum.
[02:59] Konuşmacı 2: Bana bir fıkra anlatır mısın?
[03:05] Konuşmacı 1: Elbette, bir fıkra anlatayım. Bir gün Nasreddin Hoca'ya sormuşlar: ""Hocam, dünyanın ortası neresidir?"" Hoca da hemen eşeğinin olduğu yeri gösterip ""Tam burasıdır."" demiş. İnanmazsanız ölçün. Başka ne istersiniz?
[03:26] Konuşmacı 2: Yani telefonu kapatabilir miyiz?
[03:32] Konuşmacı 1: Elbette Mahmut Bey, görüşme tamamlandı. Başka bir konuda yardımcı olabileceğim bir şey yoksa iyi günler dilerim.
[03:39] Konuşmacı 2: Oldu, iyi günler.
[03:43] Konuşmacı 1: İyi günler Mahmut Bey, hoşça kalın."
24_2026-07-02_1m42s,kayitlar,draft_or_human_corrected,data\kayitlar\24_2026-07-02_1m42s\audio.wav,data\kayitlar\24_2026-07-02_1m42s\transcript.txt,"[00:04] Konuşmacı 2: Merhaba
[00:07] Konuşmacı 1: Merhaba. Ziyaret notunuzu dinliyorum. Merhaba. Doktor hanımı ziyareti kaydetmek istemişsiniz.
[00:14] Konuşmacı 2: Alo, sesim geliyor mu?
[00:19] Konuşmacı 1: Evet, sesiniz geliyor. Devam edebilirsiniz.
[00:23] Konuşmacı 2: Eee bugün Murat Gülle'ye ziyaret yaptım.
[00:29] Konuşmacı 1: Teşekkürler. Hangi kurumdaydı ziyaret?
[00:32] Konuşmacı 2: Devlet hastanesinde.
[00:36] Konuşmacı 1: Anladım. Hangi ürünü tanıttınız bu ziyarette?
[00:39] Konuşmacı 2: Parol ürününü tanıttım.
[00:43] Konuşmacı 1: Görüşmede neler konuşuldu özellikle?
[00:45] Konuşmacı 2: Görüşmede ürünün nasıl olduğunu söyledi. Bu kadardı olumluydu yani.
[00:51] Konuşmacı 1: Doktor Bey'in geri bildirimi olumlu yani? Başka bir konu konuşuldu mu?
[00:56] Konuşmacı 2: Konuşulmadı.
[00:59] Konuşmacı 1: Peki bir sonraki aksiyon planı var mı?
[01:02] Konuşmacı 2: Önümüzdeki hafta tekrardan ziyaret edeceğim.
[01:07] Konuşmacı 1: Tamamdır. Özetlersek Doktor Yunus Gülle'ye, Bağcılar Devlet Hastanesi'nde Parol ürününün tanıtımı yapıldı. Doktorun geri bildirimi olumluuydu ve bir sonraki hafta tekrar ziyaret edilecek. Başka bir not var mı?
[01:19] Konuşmacı 2: Son ismi Yunus Gülle değil, Murat Gülle'ydi.
[01:24] Konuşmacı 1: Hemen düzeltiyorum. Doktor Murat Gülle. Başka bir değişiklik var mı?
[01:30] Konuşmacı 2: [sessizlik]
[01:32] Konuşmacı 1: Tamamdır. Notları bu şekilde kaydettim. Başka bir konuda yardımcı olabilir miyim?
[01:36] Konuşmacı 2: Görüşmek üzere.
[01:39] Konuşmacı 1: Ben teşekkür ederim. İyi çalışmalar."
10_2026-07-01_0m47s,02_kontrol_edilecek,human_checked,data\02_kontrol_edilecek\10_2026-07-01_0m47s\audio.wav,data\02_kontrol_edilecek\10_2026-07-01_0m47s\transcript.txt,"[00:00] Konuşmacı 1: Merhaba Veribasecilik şirketinden arıyorum. İsmim Elif. Demomix 30 miligram tablet ve Demomix 10 miligram tablet için kampanyalarımız hakkında bilgi vermek üzere aramıştım. Müsait miydiniz?
[00:20] Konuşmacı 2: [anlaşılmıyor] yok değilim.
[00:29] Konuşmacı 2: [anlaşılmıyor] Yok değilim.
[00:33] Konuşmacı 1: Anladım. Peki daha sonra ne zaman aramamı istersiniz?
[00:40] Konuşmacı 2: Şimdi aramayı istemiyorum.
[00:44] Konuşmacı 1: Peki anladım. İyi günler diliyorum."
38_2026-06-23_3m26s,kayitlar,draft_or_human_corrected,data\kayitlar\38_2026-06-23_3m26s\audio.wav,data\kayitlar\38_2026-06-23_3m26s\transcript.txt,"[00:19] Konuşmacı 1: Merhaba Veribase ilaç şirketinden arıyorum.
[00:27] Konuşmacı 2: Alo, orada mısın?
[00:30] Konuşmacı 1: Buradayım evet. Kampanyalarla ilgili bilgi vermek isterseniz bilmiyorum.
[00:38] Konuşmacı 2: Ben verebilirim kampanyalarla ilgili bilgi.
[00:43] Konuşmacı 1: Elbette buyurun.
[00:46] Konuşmacı 2: Demo al 3 al 8 öde, Demo nexora 100 al 500 öde.
[00:55] Konuşmacı 1: [anlaşılmıyor]
[01:03] Konuşmacı 2: Efendim?
[01:07] Konuşmacı 1: Biberiye ekleyeyim mi?
[01:09] Konuşmacı 2: Ne ekliyorsun?
[01:13] Konuşmacı 1: Kaç adet istersiniz?
[01:16] Konuşmacı 2: Neyden?
[01:21] Konuşmacı 1: 50 adet Demo nexora damla sepeti eklendi. Başka bir isteğiniz var mı?
[01:29] Konuşmacı 2: Yok usta, yok.
[01:32] Konuşmacı 1: Hangi depodan sipariş vermek istersiniz?
[01:35] Konuşmacı 2: Karmut.
[01:38] Konuşmacı 1: Karmut diye istersen bir depo bulamadım. Tekrar söyler misiniz?
[01:46] Konuşmacı 2: Kampanyaları [anlaşılmıyor]
[01:50] Konuşmacı 1: Hangi ile,in kampanyasını öğrenmek istersiniz?
[01:55] Konuşmacı 2: Hepsi.
[02:00] Konuşmacı 1: Hemen bilgi veriyorum. Demo Alvira, Demo Nexora, Demo Tervix, Demo Luvexa ve Demo Florix'da beş alana bir bedava kamp
[02:16] Konuşmacı 2: Durdun mu?
[02:24] Konuşmacı 2: Orada mısın?
[02:30] Konuşmacı 1: Buradayım evet. Size nasıl yardımcı olabilirim?"
11_2026-07-02_0m51s,02_kontrol_edilecek,human_checked,data\02_kontrol_edilecek\11_2026-07-02_0m51s\audio.wav,data\02_kontrol_edilecek\11_2026-07-02_0m51s\transcript.txt,"[00:07] Konuşmacı 1: Merhaba, Veribase İlaç şirketinden arıyorum. İsmim Elif. Demomix 30 miligram tablet ve Demomix 10 miligram tablet için kampanyalarımız hakkında bilgi vermek üzere aramıştım. Müsait miydiniz?
[00:28] Konuşmacı 2: Müsait değilim.
[00:32] Konuşmacı 1: Anladım. Ne zaman isterseniz tekrar arayabilirim. Başka bir konuda yardımcı olabilir miyim?
[00:37] Konuşmacı 2: Yok, görüşürüz.
[00:43] Konuşmacı 2: Yok, görüşürüz."
14_2026-07-03_1m05s,02_kontrol_edilecek,human_checked,data\02_kontrol_edilecek\14_2026-07-03_1m05s\audio.wav,data\02_kontrol_edilecek\14_2026-07-03_1m05s\transcript.txt,"[00:07] Konuşmacı 1: Merhaba, [anlaşılmıyor] girişinizi dinliyorum.
[00:08] Konuşmacı 2: Merhabalar, kolay gelsin.
[00:13] Konuşmacı 1: Teşekkürler, sağ olun. Kimi ziyaret etmiştiniz?
[00:17] Konuşmacı 2: [anlaşılmıyor] ziyaret etmiştim.
[00:20] Konuşmacı 1: Anladım. Hangi kurumda görevliydi Murat Bey?
[00:23] Konuşmacı 2: Bağcılar Devlet Hastanesi'nde.
[00:26] Konuşmacı 1: Okey, not ettim. Hangi ürünler üzerineydi görüşme?
[00:32] Konuşmacı 2: Arıoğlu ve Metic.
[00:36] Konuşmacı 1: Tamamdır. Görüşmede neler konuşuldu ağırlıklı olarak?
[00:39] Konuşmacı 2: Görüşme de gayet olumluydu. İlgilendiğini söyledi.
[00:44] Konuşmacı 1: Çok güzel. Peki, sonraki adımlar neler olacak?
[00:48] Konuşmacı 2: Haftaya tekrardan ziyaret edeceğim.
[00:51] Konuşmacı 1: Anladım. Başka bir şey eklemek ister misiniz?
[00:54] Konuşmacı 2: [anlaşılmıyor]
[00:57] Konuşmacı 1: Rica ederim. İyi çalışmalar dilerim.
[01:00] Konuşmacı 2: Kolay gelsin.
[01:04] Konuşmacı 1: Sağ olun."
14_2026-07-02_1m10s,kayitlar,draft_or_human_corrected,data\kayitlar\14_2026-07-02_1m10s\audio.wav,data\kayitlar\14_2026-07-02_1m10s\transcript.txt,"[00:07] Konuşmacı 1: Merhaba, ziyaret girişinizi dinliyorum.
[00:08] Konuşmacı 2: Merhabalar, kolay gelsin.
[00:14] Konuşmacı 1: Teşekkürler. Size de kolay gelsin. Nasıl yardımcı olabilirim?
[00:17] Konuşmacı 2: Bugün, eee, Murat Gül'e ziyaret ettim.
[00:23] Konuşmacı 1: Harika, not alıyorum. Hangi kurumdaydı bu görüşme?
[00:25] Konuşmacı 2: Bağcılar Devlet Hastanesi'nde.
[00:31] Konuşmacı 1: Anladım. Bağcılar Devlet Hastanesi. Hangi ürünler tanıtıldı?
[00:34] Konuşmacı 2: Porol ve Macedik ürünlerini tanıttım.
[00:40] Konuşmacı 1: Tamamdır. Görüşmede konuşulan ana konular nelerdi? Doktorun geri bildirimi ne oldu?
[00:44] Konuşmacı 2: Gayet olumlu, olumluydu. Önümüzdeki hafta tekrardan görüşeceğiz.
[00:51] Konuşmacı 1: Harika, olumlu bir görüşme olmuş. Ekleyeceğiniz başka bir şey var mı?
[00:57] Konuşmacı 2: Teşekkür ederim.
[01:00] Konuşmacı 1: Ben teşekkür ederim. Görüşme detaylarını kaydettim. İyi çalışmalar dilerim.
[01:04] Konuşmacı 2: kolay gelsin.
[01:07] Konuşmacı 1: Size de hoşça kalın."
18_2026-06-26_1m24s,kayitlar,draft_or_human_corrected,data\kayitlar\18_2026-06-26_1m24s\audio.wav,data\kayitlar\18_2026-06-26_1m24s\transcript.txt,"[00:08] Konuşmacı 1: Merhaba, Veribase İlaç Şirketi'nden arıyorum. İsmim Elif. Demomix 30 miligram tablet ve Demomix 10 miligram tablet için kampanyalarımız hakkında bilgi vermek üzere aramıştım. Müsait miydiniz?
[00:19] Konuşmacı 1: Kampanyalarımızdan faydalanmak ister misiniz? Yoksa başka bir şeye yardımcı olabilir miyim?
[00:23] Konuşmacı 2: [anlaşılmıyor] çok istiyorum.
[00:28] Konuşmacı 1: Harika. Hangi kampanyamızla ilgilenirsiniz?
[00:32] Konuşmacı 2: Kampanyaları söyler misiniz? Ne kampanyası var?
[00:39] Konuşmacı 1: Maalesef şu an aktif bir kampanyamız görünmüyor. Başka bir konuda yardımcı olabilir miyim?
[00:43] Konuşmacı 2: E kampanyalarımız var demiştim.
[00:46] Konuşmacı 1: Haklısınız. Sistemde bir anlık karışıklık oldu. Demomix 30 miligram tablet ve Demomix 10 miligram tablet için kampanyalarımız mevcut. Hangisini değerlendirmek istersiniz?
[01:00] Konuşmacı 2: 30 miligram olanı değerlendirmek istiyorum. Bunun kampanyası ne?
[01:05] Konuşmacı 1: Demomix 30 miligram tablette 10 alana 6 bedava kampanyamız mevcut. Sepete ekleyeyim mi?
[01:12] Konuşmacı 2: Olur, 1000 tane ekleyelim ondan.
[01:18] Konuşmacı 1: Üzgünüm, 1000 adet eklemede bir sorun oluştu. Tekrar denememi ister misiniz yoksa adeti düşürelim mi?"
04_2026-06-26_0m26s,kayitlar,draft_or_human_corrected,data\kayitlar\04_2026-06-26_0m26s\audio.wav,data\kayitlar\04_2026-06-26_0m26s\transcript.txt,"[00:00] Konuşmacı 1: Alo.
[00:07] Konuşmacı 1: Merhaba, Veribase İlaç şirketinden arıyorum, ismim Elif. Demomix 30 miligram tablet ve Demomix 10 miligram tablet için kampanyalarımız hakkında bilgi vermek üzere aramıştım. Müsait miydiniz?
[00:19] Konuşmacı 2: Müsait değilim.
[00:23] Konuşmacı 1: Anladım."
32_2026-06-01_3m00s,kayitlar,draft_or_human_corrected,data\kayitlar\32_2026-06-01_3m00s\audio.wav,data\kayitlar\32_2026-06-01_3m00s\transcript.txt,"[00:13] Konuşmacı 1: Merhaba Veribase İlaç şirketinden arıyorum. Ben Elif. Size isminizle hitap edebilmem için isminizi öğrenebilir miyim?
[00:17] Konuşmacı 2: İsmim Berkay.
[00:27] Konuşmacı 1: Memnun oldum Berkay Bey. Şu an Demo Nexoradanla, Demoterviz 250 mg saşe ve Demo Probex kapsül için harika bir kampanyamız var. Değerlendirmek ister misiniz?
[00:39] Konuşmacı 2: İste istemiyorum, yok.
[00:43] Konuşmacı 1: Elbette, nasıl isterseniz. Başka yardımcı olabileceğimiz bir şey var mı?
[00:47] Konuşmacı 2: Yok.
[00:51] Konuşmacı 1: Peki, teşekkür ederim Berkay Bey. İyi günler dilerim.
[00:53] Konuşmacı 2: İyi günler.
[00:56] Konuşmacı 1: Rica ederim, iyi günler.
[01:03] Konuşmacı 2: [anlaşılmıyor]
[01:14] Konuşmacı 2: [anlaşılmıyor]
[01:16] Konuşmacı 2: Niye iade alacaktın?
[01:19] Konuşmacı 2: [anlaşılmıyor]
[01:21] Konuşmacı 2: [anlaşılmıyor]
[01:23] Konuşmacı 2: [anlaşılmıyor]
[01:26] Konuşmacı 2: [anlaşılmıyor]
[01:31] Konuşmacı 2: [anlaşılmıyor]
[01:42] Konuşmacı 2: Niye bayram olsun?
[01:50] Konuşmacı 2: [anlaşılmıyor]
[01:54] Konuşmacı 2: Hadi ya.
[01:56] Konuşmacı 2: Niye olmuş?
[02:08] Konuşmacı 2: [anlaşılmıyor]"
03_2026-06-30_0m22s,kayitlar,draft_or_human_corrected,data\kayitlar\03_2026-06-30_0m22s\audio.wav,data\kayitlar\03_2026-06-30_0m22s\transcript.txt,"[00:00] Konuşmacı 1: [sessizlik]
[00:08] Konuşmacı 2: Merhaba, Veribase İlaç şirketinden arıyorum. İsmim Elif. Demomix 30 miligram tablet ve Demomix 10 miligram tablet için kampanyalarımız hakkında bilgi vermek üzere aramıştım. Müsait miydiniz?
[00:20] Konuşmacı 2: [sessizlik]"
13_2026-07-03_0m54s,01_duzeltilecek,human_corrected,data\01_duzeltilecek\13_2026-07-03_0m54s\audio.wav,data\01_duzeltilecek\13_2026-07-03_0m54s\transcript.txt,"[00:08] Konuşmacı 1: Здравствуйте. Я слушу вашу заметку о визите.
[00:14] Konuşmacı 2: merhaba?
[00:17] Konuşmacı 1: Какая была обратная связь от врача?
[00:20] Konuşmacı 2: doktor Ahmet bilgi aldık
[00:25] Konuşmacı 1: Понятно. А какой продукт вы представляли?
[00:28] Konuşmacı 2: ee Bağcılar devlet hastanesinde çalışıyor
[00:33] Konuşmacı 1: Хорошо. Что именно обсуждали с доктором?
[00:38] Konuşmacı 2: [anlaşılmıyor]
[00:43] Konuşmacı 1: Ясно. А какая была обратная связь от врача?
[00:46] Konuşmacı 2: Teşekkür ederim
[00:49] Konuşmacı 1: Хорошо. Всё информацию записала. Спасибо за звонок."
36_2026-06-26_3m18s,kayitlar,draft_or_human_corrected,data\kayitlar\36_2026-06-26_3m18s\audio.wav,data\kayitlar\36_2026-06-26_3m18s\transcript.txt,"[00:07] Konuşmacı 1: Merhaba Veribase İlaç şirketinden arıyorum. İsmim Elif. Demomix 10mg Tablet ve Demomix 30mg Tablet için kampanyalarımız hakkında bilgi vermek üzere aramıştım. Müsait miydiniz?
[00:19] Konuşmacı 2: Eee, yani biraz müsaitim aslında.
[00:24] Konuşmacı 1: Tabii hemen anlatayım. Demomix 10mg Tablet ve Demomix 30mg Tablet ürünlerinde kampanyalarımız mevcut. Değerlendirmek ister misiniz?
[00:33] Konuşmacı 2: Nasıl kampanyalar?
[00:36] Konuşmacı 1: Demomix 10mg tablette dört alana 3 bedava, Demomix 30mg tablette 10 alana 6 bedava kampanyası bulunuyor. Sepete eklemek ister misiniz?
[00:46] Konuşmacı 2: Eee o zaman bana bir 4 milyon tane ver.
[00:51] Konuşmacı 1: Hangi üründen 4 kutu istersiniz?
[00:53] Konuşmacı 2: 4 kutu değil 4 milyon kutu istiyorum. Demomix 10mg tabletten.
[01:02] Konuşmacı 1: Maalesef 4 milyon kutu sepete eklenemiyor. Ne kadar eklememi istersiniz?
[01:08] Konuşmacı 2: Tamam vazgeçtim eklemeye. Bana bir fıkra anlatır mısınız?
[01:12] Konuşmacı 1: Memnuniyetle. Demomix 10mg tablet için geçerli olan 4 alana 3 bedava kampanyasından bahsediyorsunuz değil mi? Bu kampanyayla minimum 4 kutu siparişlediğinizde 3 kutu hediye kazanıyorsunuz. Başka bir sorunuz var mı?
[01:25] Konuşmacı 2: Evet var, eee 4 çarpı 12 kaç eder?
[01:32] Konuşmacı 1: Sanırım hesaplama yapmak istediniz. Size bu konuda yardımcı olamıyorum. Ancak isterseniz Demomix 10mg tableti sepete ekleyebiliriz.
[01:40] Konuşmacı 2: Demomix 10mg tablet değil de başka bir ilaç yok mu elinde kampanya olmayan?
[01:46] Konuşmacı 1: Elbette elimizde kampanya olmayan başka ürünler de var. Hangi ilaçları merak ediyorsunuz?
[01:52] Konuşmacı 2: Bana sende olan bütün ilaçları baştan sona say.
[01:59] Konuşmacı 1: Elimizdeki ürünler Hediyelik, Altın, Demomix, Test Product, Test, Test Product 3, Beach Day, Markazern, Sterzi Beauty Care, Sterzi First Day ve Sterzi Dental. Başka bir konuda yardımcı olabilir miyim?
[02:16] Konuşmacı 2: Eee, şöyle yapalım. Bir daha say ama her ürünü 10 kere söyle.
[02:24] Konuşmacı 1: Üzgünüm ama tüm ürünleri 10 kez tekrarlayamam. Size nasıl yardımcı olabilirim?
[02:29] Konuşmacı 2: Neden tekrarlayamıyorsun?
[02:32] Konuşmacı 1: Benim görevim Eczane siparişleri konusunda yardımcı olmak. Belirli bir ürün veya kampanya hakkında bilgi almak ister misiniz?
[02:40] Konuşmacı 2: Tamam işte bu da eczaneyle ilgili. Bu ürünlerin hepsini 10'ar kere say. Ona göre sipariş vereceğim. 10 kere duymam gerekiyor. Ben böyle bir eczacıyım.
[02:50] Konuşmacı 1: Anlamıyorum. Ancak benim yeteneklerim dahilinde bu mümkün değil. İsterseniz ürün listesini tekrar edebilirim ama 10 defa değil. Ya da belirli bir ürünü sepete ekleyebiliriz.
[03:02] Konuşmacı 2: Allah sağ olsun ya boş ver.
[03:13] Konuşmacı 2: Sen kapatır mısın telefonu?"
04_2026-07-03_0m27s,01_duzeltilecek,human_corrected,data\01_duzeltilecek\04_2026-07-03_0m27s\audio.wav,data\01_duzeltilecek\04_2026-07-03_0m27s\transcript.txt,"[00:00] [sessizlik]
[00:07] Konuşmacı 1: Здравствуйте. Я слушаю вашу заметку о визите.
[00:11] Konuşmacı 2: Merhabalar, nasılsın?
[00:15] Konuşmacı 1: Очень приятно. В каком учреждении проходил визит?
[00:18] Konuşmacı 2: Doktor Ahmet Bey'i ziyaret ettim.
[00:22] Konuşmacı 1: Понятно. А какой продукт представляли?"
06_2026-06-01_0m29s,02_kontrol_edilecek,human_checked,data\02_kontrol_edilecek\06_2026-06-01_0m29s\audio.wav,data\02_kontrol_edilecek\06_2026-06-01_0m29s\transcript.txt,"[00:14] Konuşmacı 1: Merhaba Veribase İlaç şirketinden arıyorum. Ben Elif. Size isminizle hitap edebilmem için isminizi öğrenebilir miyim?
[00:17] Konuşmacı 2: Telefonu kapatmak istiyorum.
[00:25] Konuşmacı 1: Elbette görüşmeyi burada sonlandırabiliriz. İyi günler dilerim."
07_2026-05-25_0m42s,kayitlar,draft_or_human_corrected,data\kayitlar\07_2026-05-25_0m42s\audio.wav,data\kayitlar\07_2026-05-25_0m42s\transcript.txt,"[00:17] Konuşmacı 1: Merhaba Veribase İlaç şirketinden arıyorum. Ben Elif. Size isminizle hitap edebilmem için isminizi öğrenebilir miyim?
[00:23] Konuşmacı 2: [anlaşılmıyor]
[00:24] Konuşmacı 2: Tabii. Orada mısın?
[00:26] Konuşmacı 2: Alo 1 2 3
[00:29] Konuşmacı 2: Ses deneme 7 5 6
[00:32] Konuşmacı 2: Alo
[00:34] Konuşmacı 2: [anlaşılmıyor]
[00:37] Konuşmacı 2: [anlaşılmıyor]"
17_2026-06-04_1m26s,02_kontrol_edilecek,human_checked,data\02_kontrol_edilecek\17_2026-06-04_1m26s\audio.wav,data\02_kontrol_edilecek\17_2026-06-04_1m26s\transcript.txt,"[00:03] [sessizlik]
[00:09] Konuşmacı 1: Merhaba. Veribase İlaç şirketinden arıyorum. Ben Elif. Size isminizle hitap edebilmem için isminizi öğrenebilir miyim?
[00:16] Konuşmacı 2: Mahmut.
[00:36] Konuşmacı 2: Tamam abi ya, oldu.
[00:44] Konuşmacı 1: Memnun oldum Bey. Şu an Demoxora damla, Demotervix saşe ve Demoprobexa kapsül için harika bir kampanyamız var. Değerlendirmek ister misiniz?
[00:54] Konuşmacı 2: Evet.
[00:58] Konuşmacı 1: Harika. Neler istiyorsunuz?"
11_2026-06-26_0m57s,kayitlar,draft_or_human_corrected,data\kayitlar\11_2026-06-26_0m57s\audio.wav,data\kayitlar\11_2026-06-26_0m57s\transcript.txt,"[00:00] [sessizlik]
[00:02] Konuşmacı 2: Alo.
[00:06] [sessizlik]
[00:09] Konuşmacı 1: Merhaba Veribase ilaç şirketinden arıyorum. İsmim Elif. Demomix tabletler için kampanyalarımız hakkında bilgi vermek üzere aramıştım. Müsait miydiniz?
[00:18] Konuşmacı 2: Evet.
[00:20] [sessizlik]
[00:22] Konuşmacı 1: Şu an Demomix 10 miligram ve 30 miligram tabletlerde kampanyamız mevcut. Değerlendirmek ister misiniz?
[00:28] Konuşmacı 2: Evet.
[00:30] [sessizlik]
[00:38] Konuşmacı 2: Evet, isterim.
[00:43] Konuşmacı 1: Hangisiyle ilgili bilgi alacaktınız?
[00:48] [sessizlik]
[00:50] Konuşmacı 2: Görüşmek üzere.
[00:53] Konuşmacı 1: Rica ederim, ilgilendiğiniz için."
21_2026-06-04_1m43s,02_kontrol_edilecek,human_checked,data\02_kontrol_edilecek\21_2026-06-04_1m43s\audio.wav,data\02_kontrol_edilecek\21_2026-06-04_1m43s\transcript.txt,"[00:00] Konuşmacı 1: Alo.
[00:06] Konuşmacı 1: Merhaba, Veribase İlaç şirketinden arıyorum ben Elif. Size isminiz ile hitap edebilmem için isminizi öğrenebilir miyim?
[00:12] Konuşmacı 2: Kel Mahmut.
[00:17] Konuşmacı 1: Memnun oldum Kemal Bey, şu an Demo Alvira, Demo Nexora ve Demo Tervix için harika bir kampanyamız var, değerlendirmek ister misiniz?
[00:26] Konuşmacı 2: İsmim Kemal değil, Kel Kel Mahmut.
[00:31] Konuşmacı 1: Ah kusura bakmayın Kemal Bey, nasıl yardımcı olabilirim?
[00:36] Konuşmacı 2: İsmim Kel Mahmut.
[00:40] Konuşmacı 2: [anlaşılmıyor]
[00:41] Konuşmacı 1: Memnun oldum Kemal Mahmut Bey. Şu an Demo Alvira, Demo Nexora ve Demo Tervix için harika bir kampanyamız var, değerlendirmek ister misiniz?
[00:49] Konuşmacı 2: E ismim Hızır, Hızır.
[00:52] Konuşmacı 1: Evet.
[00:53] Konuşmacı 1: Tekrar özür dilerim Hızır Bey. Demo D3 Nexas [anlaşılmıyor]
[00:59] Konuşmacı 1: [anlaşılmıyor] bir saniye.
[01:04] Konuşmacı 2: Bende kaldı.
[01:09] Konuşmacı 1: Hızır Bey, internetinizde bir sorun mu var? Sesinizi tam alamıyorum. Demo D3 Nexas Spray'in bina içiuluk formunu mu istemiştiniz?
[01:17] Konuşmacı 2: Benim ismim Hızır, Hızır.
[01:22] Konuşmacı 1: Hızır Bey, isminiz için tekrar özür dilerim. Demo D3 Nexas Spray'in bina içiuluk formunu mu sipariş etmek istemiştiniz?
[01:31] Konuşmacı 1: Üzgünüm.
[01:32] Konuşmacı 1: Başka bir şey yardımcı olabilir miyim?
[01:34] Konuşmacı 2: No.
[01:37] Konuşmacı 2: Canım sıkıldı.
[01:39] Konuşmacı 1: Anlıyorum, sağlıklı günler dilerim. Hoşça kalın."
09_2026-06-08_0m44s,01_duzeltilecek,human_corrected,data\01_duzeltilecek\09_2026-06-08_0m44s\audio.wav,data\01_duzeltilecek\09_2026-06-08_0m44s\transcript.txt,"[00:01] Konuşmacı 2: Alo.
[00:06] Konuşmacı 1: Merhaba. Veribase İlaç şirketinden arıyorum.
[00:08] Konuşmacı 2:ses ses iki üç dört beş altı yedi [anlaşılmıyor]
[00:08] Konuşmacı 1: Ben Elif. Size isminizle hitap edebilmem için isminizi öğrenebilir miyim?
[00:14] Konuşmacı 2: Osman.
[00:16] Konuşmacı 2: Hasan.
[00:19] Konuşmacı 1: Memnun oldum Abdullah Bey. Şu an Demo Algira 30 miligram kapsül, Demoderniksa krem ve Demobioteksa 5000 UG kapsül için harika bir kampanyamız var. Değerlendirmek ister misiniz?
[00:29] Konuşmacı 1: Memnun oldum Yaşar Bey. Şu an Demo Algira 30 miligram kapsül, Demoderniksa krem ve Demobioteksa 5000 UG kapsül için harika bir kampanyamız var. İster misiniz?
[00:34] Konuşmacı 2: Çünkü şey oluyor [anlaşılmıyor]
[00:38] Konuşmacı 1: Anlıyorum. Peki başka bir konuda yardımcı olabilir miyim?
[00:42] Konuşmacı 2: Emin mısın Mahmut
[00:42] Konuşmacı 1: Rica ederim. Başka"
12_2026-06-01_0m51s,01_duzeltilecek,human_corrected,data\01_duzeltilecek\12_2026-06-01_0m51s\audio.wav,data\01_duzeltilecek\12_2026-06-01_0m51s\transcript.txt,"[00:00] [sessizlik]
[00:17] [konuşmacı 1]: Merhaba, Veribase ilaç şirketinden arıyorum, ben Elif. Size isminiz ile hitap edebilmem için isminizi öğrenebilir miyim?
[00:26] [konuşmacı 2]: İsmim Abdülrezzak.
[00:28] [sessizlik]
[00:31] [konuşmacı 1]: Memnun olduk Rıza Bey. Şu an Demo R 30 miligram kapsül, Demonex ora damla ve Demo Tervix 250 miligram saşe için harika bir kampanyamız var. Değerlendirmek ister misiniz?
[00:44] [konuşmacı 2]: [anlaşılmıyor] seslerimiz [anlaşılmıyor]"
31_2026-06-22_2m53s,kayitlar,draft_or_human_corrected,data\kayitlar\31_2026-06-22_2m53s\audio.wav,data\kayitlar\31_2026-06-22_2m53s\transcript.txt,"[00:15] Konuşmacı 1: Merhaba Veribase İlaç şirketinden arıyorum. Ben Elif. Size isminizle hitap edebilmem için isminizi öğrenebilir miyim?
[00:23] Konuşmacı 2: Mahmut.
[00:36] Konuşmacı 2: Alo.
[00:38] Konuşmacı 1: Buyurun dinliyorum.
[00:42] Konuşmacı 2: [anlaşılmıyor]
[00:46] Konuşmacı 1: Ben Elif. Veribase İlaç şirketinden arıyorum. Size isminizle hitap edebilmem için isminizi öğrenebilir miyim?
[00:53] Konuşmacı 2: Benim de ismim Elif.
[00:56] Konuşmacı 1: Memnun oldum Necat Bey. Şu an Demo Alize 30 miligram kapsül, Demo Nexora damla ve Demo Tarvix 250 miligram şase için harika bir kampanyamız var. Değerlendirmek ister misiniz?
[01:36] Konuşmacı 2: Alo.
[01:42] Konuşmacı 1: Necat Bey sepetiniz boş görünüyor. Hangi ilacın kampanyasını merak etmiştiniz?
[02:08] Konuşmacı 2: Pardon oradan mısın?"
44_2026-06-23_4m13s,kayitlar,draft_or_human_corrected,data\kayitlar\44_2026-06-23_4m13s\audio.wav,data\kayitlar\44_2026-06-23_4m13s\transcript.txt,"[00:15] Konuşmacı 1: Merhaba Veribase İlaç şirketinden arıyorum. Ben Elif. Size isminizle hitap edebilmem için isminizi öğrenebilir miyim?
[00:23] Konuşmacı 2: İsmim Celal Mahmut.
[00:27] Konuşmacı 1: Memnun oldum Mahmut Bey. Şu an Demo Alvira 30 mg Kapsül, Demo Nexora Damla ve Demotervix
[00:34] Konuşmacı 1: 250 mg Saşe için harika bir kampanyamız var. Değerlendirmek ister misiniz?
[00:40] Konuşmacı 2: Evet pardon ismimi değiştirmek istiyorum.
[00:45] Konuşmacı 1: Elbette. Nasıl hitap etmemi istersiniz?
[00:49] Konuşmacı 2: Abdurrezzak.
[00:52] Konuşmacı 1: Memnun oldum Abdurrezzak Bey. Şu an Demo Alvira 30 mg Kapsül, Demo Nexora Damla ve Demotervix 250 mg Saşe için harika bir kampanyamız var. Değerlendirmek ister misiniz?
[01:06] Konuşmacı 2: Harika bir kampanya mı?
[01:10] Konuşmacı 1: Evet, bu üç üründe özel fırsatlarımız mevcut. İsterseniz detayları paylaşabilirim. Ne dersiniz?
[01:19] Konuşmacı 2: Eee sizin elinizde parola var mı?
[01:24] Konuşmacı 1: Parola ile tam eşleşme bulamadım. Ancak Demo Relvion Pro 30 kapsül gibi benzer bir ürün önerebilirim. Bilgilenir misiniz?
[01:32] Konuşmacı 2: Yok ilgilenmem ya. Benim başım ağrıyor da.
[01:38] Konuşmacı 1: Baş ağrısı için size Demo Probexa Kapsül önerebilirim. Sepete eklenmesini ister misiniz?
[01:44] Konuşmacı 2: Bunun yan etkisi nedir?
[01:50] Konuşmacı 1: Yan etkişi hakkında bilgi veremiyorum. Ancak isterseniz ilacın prospektüs bilgilerini kontrol edebiliriz. Ne dersiniz? Devam edelim mi? Yoksa başka bir şeye bakalım mı?
[02:02] Konuşmacı 2: Prospektüsünü söyleyin.
[02:04] Konuşmacı 1: Hemen kontrol ediyorum. Kısa bir bekletme rica edebilir miyim?
[02:18] Konuşmacı 2: Bekliyorum.
[02:22] Konuşmacı 1: Demo Probexa Kapsülün prospektüs bilgilerine göre; hafif mide ve haksızlıkları baş dönmesi ve alerjik reaksiyonlar yan etkileri arasında yer alabilir. Başka bir konuda yardımcı olabilir miyim?
[02:34] Konuşmacı 2: Yok ya. Benim heyecanım çok sıkıldı.
[02:40] Konuşmacı 1: Anlıyorum. Bu durumda siparişi tamamlamak ister misiniz? Yoksa başka bir şeye bakalım mı?
[03:22] Konuşmacı 1: Evet buradayım Abdurrezzak Bey. Size nasıl yardımcı olabilirim?
[03:30] Konuşmacı 2: [anlaşılmıyor] Benim isteğim neydi acaba?
[03:41] Konuşmacı 2: [anlaşılmıyor]
[03:46] Konuşmacı 1: Katalogtaki ürünleri tekrar sayabilirim isterseniz. Demo Alvira, Nexora, Servit, Luvexa, Probexa gibi ürünlerimiz mevcut. Hangisiyle ilgileniyorsunuz?
[03:57] Konuşmacı 2: [anlaşılmıyor]
[04:05] Konuşmacı 1: Anladım. Başka bir konuda yardımcı olabilir miyim?"
18_2026-06-11_1m30s,01_duzeltilecek,human_corrected,data\01_duzeltilecek\18_2026-06-11_1m30s\audio.wav,data\01_duzeltilecek\18_2026-06-11_1m30s\transcript.txt,"[00:15] Konuşmacı 2: Alo?
[00:17] Konuşmacı 2: [anlaşılmıyor]
[00:29] Konuşmacı 1: Merhaba, Veribase ilaç şirketinden arıyorum, ben Elif. Size isminiz ile hitap edebilme
[00:34] Konuşmacı 2: [anlaşılmıyor]
[00:48] Konuşmacı 1: için isminizi öğrenebilir miyim?
[00:51] Konuşmacı 2: [anlaşılmıyor]
[01:04] Konuşmacı 1: Maalesef İstanbul diye bir depomuz yok. Hangi depodan sipariş vermek istersiniz?
[01:10] Konuşmacı 2: [anlaşılmıyor]"
23_2026-07-02_1m40s,kayitlar,draft_or_human_corrected,data\kayitlar\23_2026-07-02_1m40s\audio.wav,data\kayitlar\23_2026-07-02_1m40s\transcript.txt,"[00:07] Konuşmacı 1: Merhaba, ziyaret notunuzu diliyorum.
[00:08] Konuşmacı 2: Merhaba, kolay gelsin.
[00:15] Konuşmacı 1: Rica ederim. Ziyaret notunuzu kaydetmeye başlayalım mı?
[00:18] Konuşmacı 2: Başlayabiliriz.
[00:21] Konuşmacı 1: Doktor Bey'in adıyla başlayalım mı? Kime ziyareti gerçekleştirdiniz?
[00:24] Konuşmacı 2: Gülle.
[00:28] Konuşmacı 1: Doktor Murat Gülle'ye ziyaret gerçekleştirdiniz. Hangi kurumdaydı?
[00:32] Konuşmacı 2: Bağcılar Devlet Hastanesi'nde.
[00:36] Konuşmacı 1: Bağcılar Devlet Hastanesi. Hangi ürünleri tanıttınız?
[00:39] Konuşmacı 2: [anlaşılmıyor] tanıttım.
[00:43] Konuşmacı 1: Aferin ürününü tanıttınız? Görüşmede neler konuşuldu?
[00:45] Konuşmacı 2: Yok, Parol ürününü tanıttım.
[00:49] Konuşmacı 1: Anladım. Parol ürününü tanıttınız. Görüşmede neler konuşuldu?
[00:53] Konuşmacı 2: Geri bildirim olumluydu.
[00:57] Konuşmacı 1: Geri bildirimi olumluymuş. Başka bir konu konuşuldu mu ya da sonraki aksiyon var mı?
[01:02] Konuşmacı 2: Salı tekrardan ziyaret edeceğim.
[01:06] Konuşmacı 1: Anladım. Salı günü tekrar ziyaret edeceksiniz. Eksik bir bilgi kaldı mı notlarda?
[01:11] Konuşmacı 2: Tekrardan belirtelim.
[01:16] Konuşmacı 1: Özlüyorum, Doktor Murat Gülle'ye Bağcılar Devlet Hastanesi'nde Parol ürününün tanıtımı yapıldı. Doktorun geri bildirimi olumluydu ve salı günü tekrar ziyaret edilecek. Doğru mudur?
[01:26] Konuşmacı 2: Evet.
[01:29] Konuşmacı 1: Tamamdır, not kaydedildi. Başka bir not var mı?
[01:33] Konuşmacı 2: Teşekkür ederim, görüşmek üzere.
[01:36] Konuşmacı 1: Ben teşekkür ederim. İyi çalışmalar, görüşmek üzere."
15_2026-05-26_1m17s,02_kontrol_edilecek,human_checked,data\02_kontrol_edilecek\15_2026-05-26_1m17s\audio.wav,data\02_kontrol_edilecek\15_2026-05-26_1m17s\transcript.txt,"[00:00] [sessizlik]
[00:02] Konuşmacı 1: Merhaba. Veribase İlaç şirketinden arıyorum. Ben Elif. Size isminiz ile hitap edebilmem için isminizi öğrenebilir miyim? [anlaşılmıyor] Memnun oldum Şaban Bey. Şu an Demo Alvira, Demo Nexora ve Demo [anlaşılmıyor] için harika bir kampanyamız var. Değerlendirmek ister misiniz?
[00:29] Konuşmacı 2: Yok, benim ismim Berkay.
[00:36] [sessizlik]
[00:38] Konuşmacı 2: Duyuyor musunuz?
[00:43] Konuşmacı 1: Pardon Berkay Bey isminizi yanlış duymuşum. Memnun oldum. Şu an Demo Alvira, Demo Nexora ve Demo [anlaşılmıyor] için harika bir kampanyamız var. Değerlendirmek ister misiniz?
[00:53] Konuşmacı 2: Telefonu kapatabilir miyiz?
[00:58] Konuşmacı 1: Anladım Berkay Bey. Başka bir konuda yardımcı olabilir miyim?
[01:01] Konuşmacı 2: Demiyorum, sağ ol.
[01:05] [sessizlik]"
37_2026-06-26_3m26s,kayitlar,draft_or_human_corrected,data\kayitlar\37_2026-06-26_3m26s\audio.wav,data\kayitlar\37_2026-06-26_3m26s\transcript.txt,"[00:07] Konuşmacı 1: Merhaba, Veribase ilaç şirketinden arıyorum. İsmim Elif. Demomix 30 miligram tablet ve Demomix 10 miligram tablet için kampanyalarımız hakkında bilgi vermek üzere aramıştım. Müsait miydiniz?
[00:18] Konuşmacı 2: İsminiz neydi acaba?
[00:23] Konuşmacı 1: Hemen kontrol ediyorum. Demomix 30 miligram tablet için 3 alana bir bedava kampanyamız mevcut. Değerlendirmek ister misiniz?
[00:30] Konuşmacı 2: Çok hayırdır.
[00:34] Konuşmacı 1: Ben Veribase ilaç şirketinde çalışan bir sipariş temsilcisiyim. Size yardımcı olabileceğim başka bir konu var mı?
[00:39] Konuşmacı 2: Adınız ne, adınız?
[00:54] Konuşmacı 1: Adım Elif. Nasıl yardımcı olabilirim?
[00:59] Konuşmacı 2: Ahmet mi?
[01:04] Konuşmacı 1: Bu görüşmede yalnızca ilaç siparişi, ürün, depo, kampanya ve fiyat işlemleri hakkında yardımcı olabilirim. Sipariş vermek istediğiniz bir ürün var olur mu?
[01:13] Konuşmacı 2: Olur. Ben Demomix 10 MG tablet istiyorum.
[01:21] Konuşmacı 1: Demomix 10 miligram tablet buldum. Sepete ekleyeyim mi?
[01:23] Konuşmacı 2: Ne?
[01:27] Konuşmacı 1: Demomix 10 miligram tablet için 3 alana bir bedava kampanyamız var. Sepete eklememi ister misiniz?
[01:34] Konuşmacı 2: Demomix 10 miligram tablet için ne kampanyanız vardı?
[01:40] Konuşmacı 1: Demomix 10 miligram tablet için 4 alana 3 bedava kampanyamız mevcut. Sepete eklemek ister misiniz?
[01:47] Konuşmacı 2: Sana bir bedava kampanyası yok mu?
[01:50] Konuşmacı 1: Maalesef, current code'da 3 alana bir bedava kampanyası görünmüyor. 4 alana 3 bedava kampanyasını değerlendirmek ister misiniz?
[01:57] Konuşmacı 2: Tabii isterim. Kaç tane var elinizde?
[02:04] Konuşmacı 2: Kaç kutu istediğinizi belirtirseniz stok durumuna bakabilirim.
[02:07] Konuşmacı 2: Tamam ben 48.000 kutu istiyorum.
[02:14] Konuşmacı 1: Maalesef tek kalemde 48.000 kutu ekleyemiyoruz. 1.000 kutu eklememi ister misiniz? Yoksa adeti [anlaşılmıyor] diyoruz bir kalemde.
[02:24] Konuşmacı 1: Bir kalemde maksimum 1.000 kutu ekleyebiliyoruz. Nasıl devam edelim?
[02:28] Konuşmacı 2: Tamam, bana 1.500 kutu ekle o zaman.
[02:34] Konuşmacı 1: Maalesef 1.500 kutu da ekleyemiyoruz. Maksimum 1.000 kutu ekleyebilirim. Onaylar mısınız?
[02:40] Konuşmacı 2: Şimdi ben 1.000 kutu alınca o zaman kaç para ödeyeceğim?
[02:47] Konuşmacı 1: Demomix 10 miligram tablet için birim fiyatı 8 TL'dir. 1.000 kutu almak isterseniz 8.000 TL tutar. Sepete ekleyelim mi?
[02:56] Konuşmacı 2: Ama kampanya yok muydu?
[02:59] Konuşmacı 1: Kampanyamız mevcut. 4 alana 3 bedava. Bu durumda 1.000 kutu almak isterseniz 7.000 TL ödemeniz gerekir. Sepete ekleyelim mi?
[03:11] Konuşmacı 2: Tamam, 1.000 kutu ekle.
[03:15] Konuşmacı 1: 1.000 kutu Demomix 10 miligram tablet sepete eklendi. Başka bir isteğiniz var mı?
[03:20] Konuşmacı 2: Bay bay.
[03:23] Konuşmacı 1: Rica ederim. İyi günler dilerim. Görüşmek üzere."
29_2026-05-26_2m47s,kayitlar,draft_or_human_corrected,data\kayitlar\29_2026-05-26_2m47s\audio.wav,data\kayitlar\29_2026-05-26_2m47s\transcript.txt,"[00:00] Konuşmacı 2: Alo efendim buyurun.
[00:03] Konuşmacı 2: Alo alo.
[00:06] Konuşmacı 2: Alo alo ses ver.
[00:10] Konuşmacı 2: ses ver.
[00:13] Konuşmacı 2: Kimsiniz?
[00:15] Konuşmacı 1: Merhaba, Veribase ilaç şirketinden arıyorum ben Elif. Sizinle işiyle hitap edebilmemiz için isminizi öğrenebilir miyim?
[00:22] Konuşmacı 2: Tabii ismim Mahmut.
[00:28] Konuşmacı 1: Memnun oldum Mahmut Bey. Şu an Demo Alvira 30 miligram kapsül, Demo Nexora damla ve Demo Tervix 250 miligram şase için harika bir kampanyamız var. Değerlendirmek ister misiniz?
[00:41] Konuşmacı 2: Tekrarlayabilir misin?
[00:46] Konuşmacı 1: Elbette. Demo Alvira 30 miligram kapsül, [anlaşılmıyor] Demo Nexora damla ve Demo Terx 250 miligram şase için kampanyamız var. İlaç aramamı istersiniz?
[00:54] Konuşmacı 1: [anlaşılmıyor]
[00:54] Konuşmacı 1: Rica ederim, nasıl yardımcı olabiliriz? Buyurun, dinliyorum. Maalesef şeker için de bir ilaç bulamadım. Şurup grubunda Demo Omevia, Demo Resvona veya Demo Bronla şuruplarını önerebilirim. Bunlardan biri olabilir mi?
[01:21] Konuşmacı 2: Alo alo orada mısın?
[01:28] Konuşmacı 1: Evet buradayım Mahmut Bey. Sesimi duyabiliyor musunuz?
[01:44] Konuşmacı 2: Alo alo orada mısın?
[01:49] Konuşmacı 1: Buradayım Mahmut Bey. Sesimi duyabiliyor musunuz?
[01:52] Konuşmacı 2: Alo alo orada mısın?
[02:05] Konuşmacı 1: Buradayım Mahmut Bey, sesim size geliyor mu?
[02:23] Konuşmacı 2: Alo alo alo alo.
[02:30] Konuşmacı 1: Efendim buradayım. Sanırım bir bağlantı problemi var. Size yardımcı olabileceğim bir şey var mı?
[02:37] Konuşmacı 2: Yok, kapatabilirsin.
[02:40] Konuşmacı 1: Geçmiş olsun, yine bekleriz. Hoşça kalın."
20_2026-06-26_1m36s,01_duzeltilecek,human_corrected,data\01_duzeltilecek\20_2026-06-26_1m36s\audio.wav,data\01_duzeltilecek\20_2026-06-26_1m36s\transcript.txt,"[00:03] Konuşmacı 2: Alo.
[00:05] Konuşmacı 2: [anlaşılmıyor]
[00:09] Konuşmacı 1: Merhaba Veribase ilaç şirketinden arıyorum. İsmim Elif. Demomix 10 mg tablet ve Demomix 30 mg tablet için kampanyalarımız hakkında bilgi vermek üzere aramıştım müsait miydiniz?
[00:19] Konuşmacı 2: Buyurun müsaitim.
[00:22] Konuşmacı 2: Höparlor al sana [anlaşılmıyor]
[00:24] Konuşmacı 2: Höparloru değiştirmem mı lazım
[00:26] Konuşmacı 2: mikrafonlar [anlaşılmıyor]
[00:30] Konuşmacı 1: Elbette yardımcı olabilirim. Hangi ilaçla aramıştınız? Anlayamadım tekrar eder misiniz?
[00:34] Konuşmacı 2: ah ilaç ilaç sipariş ettik
[00:38] Konuşmacı 1: Maalesef Opal isimli ilacı arayamadım. Acaba tam ismini tekrar söyleyebilir misiniz?
[00:43] Konuşmacı 2: İlaç sipariş edecektim.
[00:47] Konuşmacı 1: Elbette siparişinizi oluşturabiliriz. Hangi ilaçları istersiniz?
[00:53] Konuşmacı 2: Parol var mı elinizde?
[00:57] Konuşmacı 1: Parol olarak bir eşleşme bulamadım. Reçetenizdeki ismi tekrar kontrol edebilir misiniz?
[01:01] Konuşmacı 2: [anlaşılmıyor] Demomix var. Demomix 10 mg tablet de.
[01:06] Konuşmacı 2: Demomix 10 mg tablet var mı?
[01:13] Konuşmacı 1: Evet, Demomix 10 mg tablet mevcut. Sepete ekleyelim mi?
[01:16] Konuşmacı 2: Ekle [anlaşılmıyor]
[01:19] Konuşmacı 2: Üç kutu ekle.
[01:23] Konuşmacı 1: Üç kutu Demomix 10 mg tablet sepete eklendi. Başka bir isteğiniz var mı?
[01:28] Konuşmacı 2: Başka yok, sağ ol."
19_2026-06-23_1m32s,kayitlar,draft_or_human_corrected,data\kayitlar\19_2026-06-23_1m32s\audio.wav,data\kayitlar\19_2026-06-23_1m32s\transcript.txt,"[00:00] [sessizlik]
[00:14] Merhaba Veribase ilaç şirketinden arıyorum. Ben Elif. Size isminizle hitap edebilmem için isminizi öğrenebilir miyim?
[00:23] ismim Kel Mahmut.
[00:27] Memnun oldum Celal Mahmut Bey. Şu an Demo Nexora Damla, Demo Tervix 250 mg saşe ve Demo Lövexa efervesan tablet için harika bir kampanyamız var. Değerlendirmek ister misiniz?
[00:39] ismim Kel Mahmut Kel.
[00:44] Memnun oldum Celal Mahmut Bey. Şu an Demo Nexora Damla, Demo Tervix 250 mg saşe ve Demo Lövexa efervesan tablet için harika bir kampanyamız var. Değerlendirmek ister misiniz?
[00:54] Hayır ismim Celal değil kel kel Mahmut kel.
[01:00] Çok özür dilerim kel Mahmut Bey, isminizi doğru telaffuz ettiğimden emin olmak için tekrar teyit etmek istedim. Size özel bir teklifimizi daha sunmak isterim. Demo Nexora Damla, Demo Tervix 250 mg saşe ve Demo Lövexa efervesan tablette harika bir kampanyamız var. Değerlendirmek ister misiniz?
[01:19] [anlaşılmıyor] yok ya değerlendirmeyeceğim.
[01:24] Anlıyorum kel Mahmut Bey. Başka bir konuda yardımcı olabilir miyim?
[01:27] Yok olama."
02_2026-07-01_0m20s,01_duzeltilecek,human_corrected,data\01_duzeltilecek\02_2026-07-01_0m20s\audio.wav,data\01_duzeltilecek\02_2026-07-01_0m20s\transcript.txt,"[00:03] Konuşmacı 2: Alo.
[00:05] Konuşmacı 1: Merhaba, merhaba. Veribase İlaç şirketinden arıyorum. İsmim Elif. Demomix 30 miligram tablet ve Demomix 10 miligram tablet için kampanyalarımız hakkında bilgi vermek üzere aramıştım. Müsait miydiniz?"
22_2026-07-02_1m39s,kayitlar,draft_or_human_corrected,data\kayitlar\22_2026-07-02_1m39s\audio.wav,data\kayitlar\22_2026-07-02_1m39s\transcript.txt,"[00:07] Konuşmacı 1: Alo.
[00:08] Konuşmacı 2: Merhaba, evet hazırım. Lütfen anlatmaya başlayın, ben notlarımı alacağım. Hangi doktoru ve kurumu ziyar-
[00:13] Konuşmacı 1: Anlamıyorum. Doktor ve kurum bilgilerini kaydettim. Tanıttığınız ürün neydi? Ve görüşme özetini paylaşabilir misiniz?
[00:26] Konuşmacı 2: Hangi doktoru kaydettiniz?
[00:30] Konuşmacı 1: Ah, pardon. Henüz kaydetmedim. Sesli mesajınızda doktor ve kurum bilgilerini belirtmemiştiniz. Tekrar söyleyebilir misiniz?
[00:39] Konuşmacı 2: Murat Gülle'yi ziyaret ettim.
[00:43] Konuşmacı 1: Teşekkürler. Doktor Murat Gülle ziyareti kaydettim. Hangi hastane veya kurumdu? Ve tanıttığınız ürün neydi?
[00:50] Konuşmacı 2: [anlaşılmıyor] devlet hastanesini bir ziyaret ettim. Eee Parol ürünü için ziyaret yaptım.
[00:58] Konuşmacı 1: Bağcılar Devlet Hastanesinde Parol ürününün tanıtımını yaptınız. Görüşme özetini alabilir miyim?
[01:04] Konuşmacı 2: Gayet iyi geçti görüşme. İlgilendiğini söyledi.
[01:08] Konuşmacı 1: Doktor beyin ilgili olduğunu belirttiniz, teşekkürler. Doktor beyin geri bildirimi veya özel bir notu var mıydı?
[01:14] Konuşmacı 2: Yok.
[01:15] Konuşmacı 1: Ve sonraki aksiyon olarak ne planlıyorsunuz?
[01:16] Konuşmacı 2: Yok.
[01:17] Konuşmacı 1: Anladım. Başka bir ekleme yapmak ister misiniz? Yoksa kaydı tamamlayalım mı?
[01:21] Konuşmacı 2: Tamamlayabiliriz.
[01:25] Konuşmacı 1: Harika. Doktor Murat Gül le ziyareti, Bağcılar Devlet Hastanesi Parol ürünü, olumlu geçen görüşme ve sonraki aksiyonu olmayan şeklinde kaydettim. Teşekkürler.
[01:35] Konuşmacı 2: Rica ederim."
45_2026-06-04_4m16s,kayitlar,draft_or_human_corrected,data\kayitlar\45_2026-06-04_4m16s\audio.wav,data\kayitlar\45_2026-06-04_4m16s\transcript.txt,"[00:00] [sessizlik]
[00:06] Konuşmacı 1: Merhaba. Veribase ilaç şirketinden arıyorum. Ben Elif. Size isminizle hitap edebilmem için isminizi öğrenebilir miyim?
[00:14] Konuşmacı 2: Mahmut.
[00:19] [sessizlik]
[00:20] Konuşmacı 1: Memnun oldum Mahmut Bey. Şu an Demo Nexora Damla, Demo Tervic 250 mg saşe ve Demo Luvexa efervesan tablet için harika bir kampanyamız var. Değerlendirmek ister misiniz?
[00:33] Konuşmacı 2: Kampanyayı bir daha söyler misin?
[00:37] [sessizlik]
[00:39] Konuşmacı 1: Elbette. Demo Nexora Damla, Demo Tervic 250 mg saşe ve Demo Luvexa efervesan tablet için kampanyamız mevcut. Bu ürünlerden herhangi birini sepetinize eklemek ister misiniz?
[00:52] [sessizlik]
[00:53] Konuşmacı 2: Demo var mı?
[00:57] [sessizlik]
[00:59] Konuşmacı 1: Demoyla başlayan birkaç ürünümüz var. Demo Nexora Damla, Demo Tervic 250 mg saşe, Demo Luvexa efervesan tablet, Demo Probexa kapsül ve Demo Melvora 3 mg tablet. Hangisini merak ediyorsunuz?
[01:12] Konuşmacı 2: Parol var mı elinizde?
[01:14] [sessizlik]
[01:24] [sessizlik]
[01:25] Konuşmacı 2: Elinizde parol var mı?
[01:29] [sessizlik]
[01:31] Konuşmacı 1: Aradığınız parol maalesef kataloğumuzda yok. Ancak Demo Probexa kapsül veya Demo Melvora 3 mg tablet önerebilirim. İsterseniz bu ürünlerin fiyatına bakabiliriz.
[01:40] Konuşmacı 2: Majezik var mı?
[01:43] [sessizlik]
[01:44] Konuşmacı 1: Maalesef Majezik de kataloğumuzda bulunmuyor. Diğer ürünlerimize bakmak ister misiniz?
[01:50] [sessizlik]
[01:50] Konuşmacı 1: Demo D3 Mexa 1000 IU buldum. Sepete eklememi ister misiniz?
[01:55] [sessizlik]
[01:57] Konuşmacı 2: Ben onu sormadım ki.
[02:00] [sessizlik]
[02:01] Konuşmacı 1: Anladım Mahmut Bey. Hangi ilacı merak etmiştiniz?
[02:05] [sessizlik]
[02:07] Konuşmacı 2: Demo Algira.
[02:09] [sessizlik]
[02:10] Konuşmacı 1: Demo Algira 30 mg kapsül bulundu. Sepete ekleyelim mi?
[02:15] Konuşmacı 2: Kampanya nedir?
[02:18] [sessizlik]
[02:19] Konuşmacı 1: Demo Algira 30 mg kapsülde 5 alana bir bedava kampanyamız var. Sepete ekleyelim mi?
[02:25] Konuşmacı 2: 100 adet istiyorum 100.
[02:29] [sessizlik]
[02:30] Konuşmacı 1: Demo Algira 30 mg kapsül sepete eklendi. Başka bir isteğiniz var mi?
[02:34] Konuşmacı 2: Kaç adet ekledin?
[02:38] [sessizlik]
[02:39] Konuşmacı 1: Şu an sepette bir adet Demo Algira 30 mg kapsül mevcut. Adet arttırmak ister misiniz?
[02:44] Konuşmacı 2: 100 adet istiyorum.
[02:46] [sessizlik]
[02:47] Konuşmacı 1: Anladım. 100 adet Demo Algira kapsül ekliyorum. Başka bir şey var mı?
[02:53] Konuşmacı 2: Yok.
[02:54] [sessizlik]
[02:55] Konuşmacı 1: Depo seçimi yapalım mı Mahmut Bey? Hangi depodan sipariş vermek istersiniz?
[03:01] Konuşmacı 2: Bağcılar Ecza Deposu.
[03:04] [sessizlik]
[03:04] Konuşmacı 1: Maden Ecza Deposunu buldum. Onaylıyor musunuz?
[03:08] Konuşmacı 2: Hangi ecza deposu?
[03:11] Konuşmacı 1: Maden Ecza Deposu. Başka bir depo bakmamı ister misiniz?
[03:14] Konuşmacı 2: Bağcılar.
[03:19] Konuşmacı 1: Sancak Ecza Deposu Bağcılar bulundu. Bu depoyu mu seçelim?
[03:24] [sessizlik]
[03:25] Konuşmacı 1: Harika. Sipariş özetimiz şu şekilde: Sancak Ecza Deposu Bağcılardan bir adet Demo Algira 30 mg kapsül. Siparişi bu haliyle onaylıyor musunuz?
[03:36] Konuşmacı 2: Bir 100 100
[03:41] Konuşmacı 1: Adet iyi olarak güncellendi. Tekrar özetliyorum. Sancak Ecza Deposu Bağcılardan 100 adet Demo Algira 30 mg kapsül. Onaylıyor musunuz?
[03:50] Konuşmacı 2: Onaylıyorum.
[03:51] [sessizlik]
[03:54] Konuşmacı 1: Onay için tekrar teyit etmek istiyorum Mahmut Bey. Siparişi onaylıyor musunuz?
[04:00] Konuşmacı 2: Onaylıyorum.
[04:02] [sessizlik]
[04:04] Konuşmacı 1: Siparişi onaylıyor musunuz? Tekrar sormak istedim.
[04:07] Konuşmacı 2: Onaylıyorum.
[04:09] [sessizlik]
[04:10] Konuşmacı 1: Siparişiniz başarıyla oluşturuldu Mahmut Bey. Başka bir konuda yardımcı olabilir miyim?
[04:15] Konuşmacı 2: Ee"
08_2026-06-23_0m44s,kayitlar,draft_or_human_corrected,data\kayitlar\08_2026-06-23_0m44s\audio.wav,data\kayitlar\08_2026-06-23_0m44s\transcript.txt,"[00:00] Konuşmacı 1: Alo.
[00:07] Konuşmacı 1: Merhaba Veribase İlaç şirketinden arıyorum. Ben Elif. Size isminizle hitap edebilmem için isminizi öğrenebilir miyim?
[00:17] Konuşmacı 2: Yok, ismimi söylemeyeceğim.
[00:20] Konuşmacı 1: Anladım. Peki nasıl yardımcı olabilirim?
[00:24] Konuşmacı 2: Neden beni aradın?
[00:28] Konuşmacı 1: Veribase İlaç şirketinden arıyorum. Yeni kampanyalarımız hakkında bilgi vermek için. Size özel bir teklifimiz de olabilir. Neyle ilgili yardımcı olabilirim?
[00:39] Konuşmacı 2: [anlaşılmıyor] görüşmeyi sonlandırabilirsin."
46_2026-06-26_4m21s,kayitlar,draft_or_human_corrected,data\kayitlar\46_2026-06-26_4m21s\audio.wav,data\kayitlar\46_2026-06-26_4m21s\transcript.txt,"[00:08] Konuşmacı 1: Merhaba, Veribase ilaç şirketinden arıyorum, ismim Elif. Demomix 30 mg tablet, Parol 500 mg tablet ve Aspirin 100 mg tablet için kampanyalarımız hakkında bilgi vermek üzere aramıştım. Müsait miydiniz?
[00:23] Konuşmacı 1: Anlıyorum, teşekkürler. Size nasıl yardımcı olabilirim?
[00:26] Konuşmacı 2: Adınız neydi?
[00:31] Konuşmacı 1: Maalesef bu fenle eşleşen bir ilaç bulamadım. Rica etsem ilaç adını tekrar söyler misiniz?
[00:37] Konuşmacı 2: Hangi ilaçlarda kampanyanız vardı?
[00:43] Konuşmacı 1: Demomix 30 mg tablet, Parol 500 mg tablet ve Aspirin 100 mg tablet için kampanyalarımız vardı. Hangisi senin için geçerliydi?
[00:51] Konuşmacı 2: Sadece bunlar mı var? Başka yok mu?
[00:57] Konuşmacı 1: Güncel kampanyalarımız şu an için bu kadar. Başka bir konuda yardımcı olabilir miyim?
[01:02] Konuşmacı 2: eee, mesela Zareto 20 MG tablette kampanyanız yok mu?
[01:10] Konuşmacı 1: Maalesef Zareto 20 MG tablet için de bir kampanyamız yok. Başka bir ilaca bakalım mı?
[01:23] Konuşmacı 2: Tamam yani [sessizlik] şey var mı? Parol 500 MG tablet var mıydı?
[01:29] Konuşmacı 1: Parol 500 mg tablet bulamadım. Tekrar denemek ister misiniz?
[01:34] Konuşmacı 2: 100 MG tablet yok mu sizde?
[01:39] Konuşmacı 1: Eczacım, sistemde bir sorun olabilir. Tekrar deneyelim. Parol 500 mg tablet için tekrar arama yapıyorum. Tekrar denememe rağmen Parol 500 mg tableti bulamıyorum. İsterseniz muadillerine bakabiliriz.
[01:52] Konuşmacı 2: Tamam o zaman muadillerine bakalım.
[01:57] Konuşmacı 1: Parol'ün muadili olan başka ürünler var mı diye kontrol ediyorum. Hangi muadili düşünürsünüz?
[02:03] Konuşmacı 2: eee, mesela ertesi gün hapı olabilir.
[02:09] Konuşmacı 1: Ertesi gün hapı ile ilgili bir eşleşme bulamadım. Belirli bir marka adı vermek ister misiniz?
[02:15] Konuşmacı 2: Turtle Gening TR olması lazım.
[02:21] Konuşmacı 1: Tekrar denediğimde de bir eşleşme bulamadım. Başka bir ürün düşünelim mi?
[02:25] Konuşmacı 2: Tamam, sen bana Demomix 10 MG tablet ver, 20 kutu.
[02:32] Konuşmacı 1: Üzgünüm, bir hata oluştu. Demomix 10 MG tableti tekrar deniyorum. Demomix 10 MG tabletten 20 kutu sepete eklendi. Başka bir şeye ihtiyacınız var mı?
[02:44] Konuşmacı 1: Hangi depodan sipariş vermek istersiniz?
[02:48] Konuşmacı 2: Hangi depolar var?
[02:52] Konuşmacı 1: Sistemimizde Selçuk Eczacısı Güneşli, Ah Ankara, Bec, Bec Merkez ve çeşitli satış noktaları bulunuyor. Hangisini tercih edersiniz?
[03:01] Konuşmacı 2: Ben B depo satış noktası var mıydı?
[03:08] Konuşmacı 1: Evet, B depo satış noktası mevcut. Siparişinizi bu depodan tamamlayalım mı?
[03:13] Konuşmacı 2: Peki D depo satış noktası var mı?
[03:18] Konuşmacı 1: Evet, A depo satış noktası da mevcut. Hangi depoyu tercih edersiniz? [anlaşılmıyor]
[03:22] Konuşmacı 2: Yumuşak G depo satış noktası var mı?
[03:28] Konuşmacı 1: Yumuşak G depo satış noktası ile ilgili bir bilgiye ulaşamıyorum. Başka bir depo adı deneyelim mi?
[03:33] Konuşmacı 2: Merkez Test 1 deposundan ver.
[03:40] Konuşmacı 1: Sipariş özetiniz: Merkez Test 1 deposundan 20 kutu Demomix 10 MG tablet. Siparişi bu haliyle onaylıyor musunuz?
[03:48] Konuşmacı 2: onaylıyorum.
[03:50] Konuşmacı 1: Siparişiniz başarıyla oluşturuldu. Başka bir konuda yardımcı olabilir miyim?
[03:54] Konuşmacı 2: Ya olur aslında ya. Ben birazcık karnım ağrıyor, rahatlamam lazım. Şimdi bu verdiğim ilaçları içsem düzelir mi?
[04:04] Konuşmacı 1: Bu görüşmede yalnızca ilaç siparişi, ürün, depo, kampanya, fiyat ve sipariş işlemleri hakkında yardımcı olabilirim. Sipariş vermek istediğiniz bir ürün varsa yardımcı olayım, yoksa görüşmeyi sonlandırabiliriz.
[04:16] Konuşmacı 2: Sonlandır ya."
50_2026-06-22_8m23s,kayitlar,draft_or_human_corrected,data\kayitlar\50_2026-06-22_8m23s\audio.wav,data\kayitlar\50_2026-06-22_8m23s\transcript.txt,"[00:15] Konuşmacı 1: Merhaba Veribase İlaç şirketinden arıyorum. Ben Elif. Size isminizle hitap edebilmem için isminizi öğrenebilir miyim?
[00:25] Konuşmacı 2: Ben Mahmut.
[00:28] Konuşmacı 1: Memnun oldum Mahmut Bey. Şu an Demo Alvira 30 mg kapsül, Demo Nexora damla ve Demo Tervix 250 mg saşe için harika bir kampanyamız var. Değerlendirmek ister misiniz?
[00:49] Konuşmacı 2: Arıyor musun?
[00:51] Konuşmacı 1: Evet buradayım Mahmut Bey dinliyorum.
[01:04] Konuşmacı 2: [anlaşılmıyor] hikayeyi anlatır mısın?
[01:08] Konuşmacı 1: Maalesef [anlaşılmıyor] hikaye anlatma fonksiyonum bulunmuyor. İlaçlarla ilgili bir konuda yardımcı olabilirim. Ne aramıştınız?
[01:20] Konuşmacı 2: Fıkra anlatır mısın?
[01:24] Konuşmacı 1: Üzgünüm fıkra anlatma konusunda da size yardımcı olamıyorum. İlaç siparişinizle ilgili yardımcı olmamı ister misiniz?
[01:49] Konuşmacı 1: Size nasıl yardımcı olabilirim?
[01:55] Konuşmacı 2: Pardon.
[01:58] Konuşmacı 1: Rica ederim. İlaç siparişi vermek ister misiniz?
[02:15] Konuşmacı 1: Elbette hangi ilacı aramıştınız?
[03:12] Konuşmacı 2: Kampanyaların hepsini söyler misin?
[03:17] Konuşmacı 1: Hemen sıralıyorum Mahmut Bey. Demo Alvira 30 mg kapsül, Demo Nexora damla, Demo Tervix 250 mg saşe ve Demovesa Efervesan tabletlerde 5 alana bir bedava kampanyası var. Ayrıca Demo Provesa, Demo Melvora ve Demo Biotex'da 5 alana iki bedava geçerli. Diğer ürünlerde de benzer kampanyalarımız mevcut. Hangi kampanya ile ilgilenirsiniz?
[04:19] Konuşmacı 2: Tekrar [anlaşılmıyor]
[04:35] Konuşmacı 1: Elbette tekrarlıyorum.
[04:50] Konuşmacı 1: Demo Alvira 30 mg kapsül,
[04:57] Konuşmacı 1: Demo Nexora damla, Demo Tervix
[05:04] Konuşmacı 1: 250 mg saşe ve Demo [anlaşılmıyor]
[05:22] Konuşmacı 1: Vexa Efervesan tabletlerde 5 alana
[05:45] Konuşmacı 1: bir bedava kampanyası var. Demo [anlaşılmıyor]
[05:49] Konuşmacı 1: Melvora ve Demo Biotex'da 5 alana [anlaşılmıyor]
[06:01] Konuşmacı 1: iki bedava geçerli. Diğer ürünlerde de benzer kampanyalarımız mevcut. Özellikle hangisiyle ilgilenirsiniz?
[07:09] Konuşmacı 2: Kapatalım mı?
[07:14] Konuşmacı 2: Katalım mı?"
26_2026-06-02_2m54s,02_kontrol_edilecek,human_checked,data\02_kontrol_edilecek\26_2026-06-02_2m54s\audio.wav,data\02_kontrol_edilecek\26_2026-06-02_2m54s\transcript.txt,"[00:00] [sessizlik]
[00:15] [Konuşmacı 1]: Merhaba, Veribase ilaç şirketinden arıyorum. Ben Elif. Size isminizle hitap edebilmem için isminizi öğrenebilir miyim?
[00:23] [Konuşmacı 2]: Mahmut.
[00:26] [Konuşmacı 1]: Memnun oldum Mahmut Bey. Şu an Demo Nexoradanla, Demo Omeli yaşurup ve Demo Derniksakrem için harika bir kampanyamız var. Değerlendirmek ister misiniz?
[00:39] [Konuşmacı 2]: Demo Nexoradanı.
[00:44] [Konuşmacı 1]: Demo Nexoradanla buldum. Sepete ekleyeyim mi? Kampanya nedir?
[00:48] [Konuşmacı 2]: [sessizlik]
[00:49] [Konuşmacı 1]: Demo Nexoradanla 5 alana 1 bedava kampanyasıyla sunuluyor. Sepete ekleyelim mi?
[00:59] [Konuşmacı 2]: 1 milyon adet [anlaşılmıyor] salıverdim.
[01:09] [Konuşmacı 2]: 1 milyon adet.
[01:25] [Konuşmacı 2]: Orada mısın?
[01:29] [Konuşmacı 2]: Hey.
[01:38] [Konuşmacı 2]: Orada mısın? [anlaşılmıyor] ses ver.
[01:45] [Konuşmacı 1]: Adet belirtmediniz. Kaç kutu eklememi istersiniz?
[01:47] [Konuşmacı 2]: 1 milyon kutu.
[01:52] [Konuşmacı 1]: Maalesef 1 milyon adet sepete eklenemiyor. Adet 1 ile 1000 arasında olabilir. Kaç kutu ekleyelim?
[01:58] [Konuşmacı 2]: 5 milyon.
[02:02] [Konuşmacı 1]: Üzgünüm, en fazla 1000 kutu ekleyebiliriz. Bu adet uygun mu?
[02:07] [Konuşmacı 2]: 85 milyon.
[02:12] [Konuşmacı 1]: Tekrar belirtmem gerekiyor. Maalesef 1000 kutudan fazla ekleme yapamıyoruz. Kaç kutu ekleyelim?
[02:18] [Konuşmacı 2]: Kapatalım mı?
[02:22] [Konuşmacı 1]: Anladım Mahmut Bey. Demo Nexoradanı eklemiyoruz. Başka bir isteğiniz var?
[02:27] [Konuşmacı 2]: Yok hiçbir şey istemiyorum.
[02:34] [Konuşmacı 1]: 800 kutu demo Nexoradanla sepete eklendi. Başka bir şeye yardımcı olabilir miyim?
[02:38] [Konuşmacı 2]: Hiçbir şey istemiyorum. Hepsini sil.
[02:44] [Konuşmacı 1]: Sepetinizdeki tüm ürünler çıkarıldı. Başka bir isteğiniz var mı?
[02:47] [Konuşmacı 2]: Telefonu kapatalım.
[02:51] [Konuşmacı 1]: Görüşmek üzere, iyi çalışmalar dilerim."
05_2026-06-26_0m33s,kayitlar,draft_or_human_corrected,data\kayitlar\05_2026-06-26_0m33s\audio.wav,data\kayitlar\05_2026-06-26_0m33s\transcript.txt,"[00:01] Konuşmacı 1: Alo.
[00:07] Konuşmacı 2: Merhaba, Veribase İlaç Şirketi'nden arıyorum. İsmim Elif. Demomix 30 miligram tablet ve Demomix 10 miligram tablet için kampanyalarımız hakkında bilgi vermek üzere aramıştım. Müsait miydiniz?
[00:18] Konuşmacı 1: Müsait değilim.
[00:21] Konuşmacı 2: Anladım. Ne zaman tekrar aramamı istersiniz?
[00:26] Konuşmacı 1: Hiçbir zaman.
[00:30] Konuşmacı 2: Peki, iyi günler dilerim. Hoşça kal."
15_2026-07-02_1m10s,kayitlar,draft_or_human_corrected,data\kayitlar\15_2026-07-02_1m10s\audio.wav,data\kayitlar\15_2026-07-02_1m10s\transcript.txt,"[00:08] Konuşmacı 1: Merhaba ziyaret girişinizi dinliyorum.
[00:11] Konuşmacı 2: Merhabalar, kolay gelsin.
[00:15] Konuşmacı 1: Sağ olun teşekkürler. Kimi ziyaret etmiştiniz?
[00:18] Konuşmacı 2: [anlaşılmıyor] ziyaret ettim bugün.
[00:22] Konuşmacı 1: Anladım. Hangi kurumdaydı bu görüşme?
[00:26] Konuşmacı 2: Bağcılar Devlet Hastanesinde.
[00:30] Konuşmacı 1: Okey, tanıtılan ürün neydi?
[00:33] Konuşmacı 2: Parol ve Majezik tanıttım.
[00:37] Konuşmacı 1: Hı hı. Görüşmede özellikle hangi konular konuşuldu?
[00:41] Konuşmacı 2: Gayet iyiydi görüşmemiz, güzel geçti. Önümüzdeki hafta tekrardan görüşeceğiz.
[00:49] Konuşmacı 1: Anladım. Tekrar görüşülecek. Doktor beyin geri bildirimi nasıldı? Memnun kaldı mı?
[00:54] Konuşmacı 2: Gayet iyiydi.
[00:57] Konuşmacı 1: Harika. Başka eklemek istediğiniz bir şey var mı?
[01:00] Konuşmacı 2: Teşekkür ederim.
[01:03] Konuşmacı 1: Ben teşekkür ederim, iyi çalışmalar.
[01:06] Konuşmacı 2: Kolay gelsin.
[01:09] Konuşmacı 1: Size de."
12_2026-06-26_0m59s,kayitlar,draft_or_human_corrected,data\kayitlar\12_2026-06-26_0m59s\audio.wav,data\kayitlar\12_2026-06-26_0m59s\transcript.txt,"[00:08] Konuşmacı 1: Merhaba Veribase İlaç şirketinden arıyorum. İsmim Elif. Demomix 30 miligram tablet ve Demomix 10 miligram tablet için kampanyalarımız hakkında bilgi vermek üzere aramıştım. Müsait misiniz?
[00:18] Konuşmacı 2: Evet müsaitim.
[00:22] Konuşmacı 1: Harika. Demomix 30 miligram tablet ve Demomix 10 miligram tablet için kampanyalarımız var. Değerlendirmek ister misiniz?
[00:29] Konuşmacı 2: Olur.
[00:39] Konuşmacı 2: Olur, isterim.
[00:46] Konuşmacı 2: Alo?
[00:49] Konuşmacı 2: Burada mısın?"
16_2026-06-11_1m17s,kayitlar,draft_or_human_corrected,data\kayitlar\16_2026-06-11_1m17s\audio.wav,data\kayitlar\16_2026-06-11_1m17s\transcript.txt,"[00:00] [anlaşılmıyor]
[00:10] [konuşmacı 1]: Merhaba, Veribase İlaç Şirketi'nden arıyorum. Ben Elif. Size isminiz ile hitap edebilmem için isminizi öğrenebilir miyim?
[00:25] [konuşmacı 2]: Mahmut.
[00:31] [konuşmacı 2]: Mahmut.
[00:39] [konuşmacı 2]: Halo
[00:41] [konuşmacı 1]: Memnun oldum Halil Bey. Şu an Demo Alvira
[00:54] [konuşmacı 2]: [anlaşılmıyor]
[01:06] [konuşmacı 1]: Nexora ve Demo Terx için harika bir kampanyamız var. Değerlendirmek ister misiniz?"
24_2026-06-23_2m25s,01_duzeltilecek,human_corrected,data\01_duzeltilecek\24_2026-06-23_2m25s\audio.wav,data\01_duzeltilecek\24_2026-06-23_2m25s\transcript.txt,"[00:00] Konuşmacı 2: [anlaşılmıyor]
[00:16] Konuşmacı 1: Merhaba, Veribase İlaç şirketinden arıyorum. Ben Elif. Size isminiz ile hitap edebilmem için isminizi öğrenebilir miyim?
[00:22] Konuşmacı 2: Merhaba, ismim Abdulrezzak.
[00:26] Konuşmacı 1: Memnun oldum Abdulrezzak Bey. Şu an Demo Algira, Demo Nexora ve Demo Tervis için harika bir kampanyamız var. Değerlendirmek ister misiniz?
[00:37] Konuşmacı 2: eee Evet Demo Algira'dan alabiliriz, olabilir.
[00:43] Konuşmacı 1: Kaç kutu istersiniz?
[00:44] Konuşmacı 2: Hangisinden?
[00:47] Konuşmacı 1: Demo Algira 30 miligram kapsül için sormuştum. Kaç kutu istersiniz?
[00:52] Konuşmacı 2: 1 milyon kutu.
[00:55] Konuşmacı 1: Demo Algira 30 miligram kapsülden 1000 kutu ekliyorum. Başka bir isteğiniz var mı?
[01:00] Konuşmacı 2: 1 milyon kutu istiyorum.
[01:04] Konuşmacı 1: Maalesef 1 milyon kutu sepete ekleyemiyorum. Ne kadar istersiniz?
[01:10] Konuşmacı 2: [anlaşılmıyor]
[01:12] Konuşmacı 1: Evet buradayım ve size yardımcı olmaya çalışıyorum. Demo Algira'dan kaç kutu eklemek istersiniz?
[01:15] Konuşmacı 2: Arkadan bir müzik çalıyor, bu müziği biliyor musun?
[01:22] Konuşmacı 1: Üzgünüm. Arkadan gelen müziği tanıyamıyorum. Siparişinize devam edebilir miyiz? Demo Algira'dan kaç kutu ekleyelim?
[01:33] Konuşmacı 1: Tekrar dinlyebilirim ancak müziğin net olması gerekiyor. Siparişle ilgili yardımcı olabileceğin başka bir şey var mı?
[01:42] Konuşmacı 2: Bak, müziği çalıyorum şimdi dinle.
[01:45] Konuşmacı 1: Maalesef hala müziği tanıyamıyorum. Başka bir ilaç eklemek ister misin yoksa siparişi tamamlayalım mı?
[01:50] Konuşmacı 2: Bak, davul çalıyor şimdi dinle.
[01:55] Konuşmacı 1: Hala algılayamıyorum, teknik bir sorun olabilir. İlaç siparişinizle ilgili ne yapalım?
[02:00] Konuşmacı 2: [anlaşılmıyor] çalıyor.
[02:02] Konuşmacı 2: [anlaşılmıyor]
[02:08] Konuşmacı 1: Başka bir isteğiniz yoksa siparişi tamamlıyorum. Hangi depodan gönderelim?
[02:12] Konuşmacı 2: Yok. Depoya gerek yok.
[02:16] Konuşmacı 1: Anladım. Peki ilaç siparişiniz bu kadardı.
[02:20] Konuşmacı 2: Yok, ilaç siparişi istemiyorum ben."
48_2026-06-24_4m43s,kayitlar,draft_or_human_corrected,data\kayitlar\48_2026-06-24_4m43s\audio.wav,data\kayitlar\48_2026-06-24_4m43s\transcript.txt,"[00:07] Konuşmacı 1: Merhaba. Veribase İlaç şirketinden arıyorum, ben Elif. Size isminizle hitap edebilmem için isminizi öğrenebilir miyim?
[00:15] Konuşmacı 2: İsmim Celil Mahmut.
[00:19] Konuşmacı 1: Memnun oldum Mahmut Bey. Şu an Hediye Mix, Altın ve Demomix için harika bir kampanyamız var. Değerlendirmek ister misiniz?
[00:30] Konuşmacı 2: [sessizlik]
[00:31] Konuşmacı 2: Bakacağım bu da D yoksa.
[00:39] Konuşmacı 1: Elbette. Neye bakmak istersiniz?
[00:41] Konuşmacı 2: Tamam, hediye Mix için kampanyayı söyler misin?
[00:48] Konuşmacı 1: Maalesef hediye Mix için bir kampanya bulamadım. Başka bir ürün için bakalım mı?
[00:57] Konuşmacı 2: Şeye mi girmiyor?
[01:00] Konuşmacı 1: Hangi ürünü kastettiğinizi anlayamadım. Tekrar söyler misiniz?
[01:54] Konuşmacı 2: Demomix ürünü var mı sizde?
[01:59] Konuşmacı 1: Demomix'in 10 mg ve 30 mg tableti mevcut. Hangisini istersiniz?
[02:07] Konuşmacı 2: Demomix 10 mg.
[02:12] Konuşmacı 1: Ürünü sepete eklerken bir sorunla karşılaştım. Tekrar denememi ister misiniz yoksa başka bir ürünle devam edeyim mi?
[02:21] Konuşmacı 2: Demomix için kampanya var mı?
[02:26] Konuşmacı 1: Demomix için kampanyamız var. 10 mg tablette 4 alana 3 bedava, 30 mg tabletteyse 10 alana 6 bedava kampanyası mevcut. Hangisini tercih edersiniz?
[02:53] Konuşmacı 2: [sessizlik]
[02:54] Konuşmacı 2: Steril İzi ürünü var mı sizde?
[03:02] Konuşmacı 1: Hangi ürünü kastettiğinizi anlayamadım. Tekrar söyler misiniz?
[03:07] Konuşmacı 2: Sterlizi.
[03:10] Konuşmacı 1: Sterlizi markasında farklı ürünler mevcut. Metal bir tura, yara bandı çeşitleri var. Hangisini istersiniz?
[03:20] Konuşmacı 2: Yara bandı. Bak var ya, evet.
[03:24] Konuşmacı 1: Yara bandı çeşitleri mevcut. Hassas cilt için şeffaf karma, renkli eğlenceli veya [anlaşılmıyor] yapıştır şeklinde olanlar var. Özellikle hangisini istersiniz?
[03:34] Konuşmacı 2: Sterlizi topuz fırçasının fiyatı nedir?
[03:41] Konuşmacı 1: Sterlizi 6058 topuz fırçası fiyatı 152 lira. Eklememi ister misiniz?
[04:00] Konuşmacı 2: [sessizlik]
[04:00] Konuşmacı 2: Peki, [anlaşılmıyor] Bilgin otlu, Bilgin otları olarak eczane kapalı notu var mı sende?
[04:07] Konuşmacı 1: Bu görüşme böylece tamamlanmış oldu. Size başka bir konuda yardımcı olabilir miyim?
[04:12] Konuşmacı 2: Görüşmeyi nasıl tamamladın? Anlamadım.
[04:20] Konuşmacı 1: Görüşmemizi sonlandırdığımızı belirtmek istemiştim. Başka bir talebiniz yoksa iyigünler dilerim.
[04:27] Konuşmacı 2: Neden görüşmeyi sonlandırıyorsun?
[04:30] Konuşmacı 1: Daha önce eczane kapalı notu sorgulamıştınız ve ben de bu talebi kaydetmiştim. Başka bir talebiniz yoksa görüşmeyi sonlandırabiliriz. Yardımcı olabileceğim başka bir şey var mı?
[04:41] Konuşmacı 2: Tamam, yok, sonlandırabiliriz."
39_2026-06-25_3m28s,kayitlar,draft_or_human_corrected,data\kayitlar\39_2026-06-25_3m28s\audio.wav,data\kayitlar\39_2026-06-25_3m28s\transcript.txt,"[00:03] [sessizlik]
[00:08] Konuşmacı 1: Merhaba. Veribase İlaç Şirketi'nden arıyorum. İsmim Elif. Demomix 30 miligram tablet ve Demomix 10 miligram tablet için kampanyalarımız hakkında bilgi vermek üzere aramıştım. Müsait miydiniz?
[00:18] Konuşmacı 2: [anlaşılmıyor] Tekrarlayabilir misiniz? Anlayamadım.
[00:23] Konuşmacı 1: Elbette tekrarlarım. Veribase İlaç Şirketi'nden arıyorum. İsmim Elif. Demomix 30 miligram tablet ve Demomix 10 miligram tablet için kampanyalarımız hakkında bilgi vermek üzere aramıştım. Müsait miydiniz?
[00:35] Konuşmacı 2: Müsaitim, buyurun.
[00:38] [sessizlik]
[00:39] Konuşmacı 1: Teşekkür ederim. Demomix 30 miligram tablette 3 alana 1 bedava, Demomix 10 miligram tablette de 2 alana 1 bedava kampanyamız mevcut. Değerlendirmek ister misiniz?
[00:50] Konuşmacı 2: Tekrarlar mısınız? Anlayamadım.
[00:53] Konuşmacı 1: Hemen tekrarlıyorum. Demomix 30 miligram tablette 3 alana 1 bedava, Demomix 10 miligram tablette de 2 alana 1 bedava kampanyamız bulunuyor. Bilgilenir misiniz?
[01:04] Konuşmacı 2: Bilgilenirim.
[01:14] Konuşmacı 1: Harika. Başka bir şeye ihtiyacınız var mı? Yardımcı olabilir miyim?
[01:18] Konuşmacı 2: Yok, başka bir şeye ihtiyacım yok.
[01:21] [sessizlik]
[01:22] Konuşmacı 1: O halde görüşmemizi tamamlıyorum. Başka bir konuda yardımcı olamamı ister misiniz?
[01:27] Konuşmacı 2: Tamam. Ne oldu şimdi? Görüşmemizin sonucunda ne [anlaşılmıyor] ettik?
[01:34] Konuşmacı 1: Görüşmemizin sonucunda size Demomix kampanyaları hakkında bilgi verdim. Herhangi bir ilaç ya da depo siparişi oluşturmadık. İsterseniz bir özet oluşturabilir ya da farklı bir konuda yardımcı olabilirim. Ne dersiniz?
[01:45] Konuşmacı 2: Tamam. 10 miligram ekler misin 10 tane?
[01:49] [sessizlik]
[01:50] Konuşmacı 1: Üzgünüm. Demomix 10 miligram olarak bir ürün bulamadım. Elimizde Demomix 10 miligram tablet adında bir ürün var mı? O mudur bahsettiğiniz?
[01:58] Konuşmacı 2: Evet. 10 miligram tablet.
[02:01] [sessizlik]
[02:03] Konuşmacı 1: Tekrar denediğim zaman da aynı hatayı verdi. İsterseniz ilaç adı aracılığıyla tekrar bir arama yapabiliriz ya da barkod numarasını veya farklı bir adını deneyebiliriz. Nasıl isterseniz?
[02:27] Konuşmacı 2: Ne yapayım yani?
[02:30] Konuşmacı 1: İsterseniz bir de barkod numarasını deneyelim. Belki böylece bulabiliriz ya da ilaç adı aracını tekrar kullanmamı ister misiniz?
[02:38] Konuşmacı 2: E, tamam. Tekrar ilaç arıyorum. Barkod bilmiyorum.
[02:44] Konuşmacı 1: Demomix 10 miligram tablet olarak buldum. Sepete eklememi ister misiniz, 10 adet?
[02:49] Konuşmacı 2: Ekleyin.
[02:53] Konuşmacı 1: Tabii, bekliyorum.
[02:58] Konuşmacı 2: Tamam, ekleyebilirsiniz.
[03:03] Konuşmacı 1: 10 adet Demomix 10 miligram tablet sepete eklendi. Başka bir şeye ihtiyacınız var mı?
[03:14] Konuşmacı 2: Başka bir şeye ihtiyacım yok.
[03:18] Konuşmacı 1: O halde görüşmemizi tamamlıyorum. Başka bir konuda yardımcı olamamı ister misiniz?
[03:23] Konuşmacı 2: Tamam, tamamlıyorum."
35_2026-06-02_3m15s,kayitlar,draft_or_human_corrected,data\kayitlar\35_2026-06-02_3m15s\audio.wav,data\kayitlar\35_2026-06-02_3m15s\transcript.txt,"[00:14] Konuşmacı 1: Merhaba Veribase İlaç Şirketinden arıyorum ben Elif. Size isminiz ile hitap edebilmem için isminizi öğrenebilir miyim?
[00:23] Konuşmacı 2: [anlaşılmıyor] Abdullah.
[00:27] Konuşmacı 1: Memnun oldum Abdullah Bey. Şu an Demo Alvir 30 miligram kapsül, Demo Nexora damla ve Demo Terx 250 miligram saşe için harika bir kampanyamız var. Değerlendirmek ister misiniz?
[00:41] Konuşmacı 1: Elbette, yardımcı olabileceğin başka bir konum var mı?
[00:51] Konuşmacı 2: Bir dakika bekle.
[00:54] Konuşmacı 2: Tabii, bekliyorum.
[00:58] Konuşmacı 2: [anlaşılmıyor]
[01:06] Konuşmacı 2: İndirimi bana attın.
[01:08] Konuşmacı 2: [anlaşılmıyor] param var da.
[01:11] Konuşmacı 1: Buyurun, dinliyorum.
[01:15] Konuşmacı 1: Anlayamadım, tekrar eder misiniz?
[01:18] Konuşmacı 2: Bekle.
[01:21] Konuşmacı 1: Neyi eklemenizi istersiniz?
[02:44] [sessizlik]"
30_2026-06-22_5m09s,02_kontrol_edilecek,human_checked,data\02_kontrol_edilecek\30_2026-06-22_5m09s\audio.wav,data\02_kontrol_edilecek\30_2026-06-22_5m09s\transcript.txt,"[00:00] [sessizlik]
[00:15] [sessizlik]
[00:16] Konuşmacı 1: Merhaba Veribase ilaç şirketinden arıyorum ben Elif, size isminizle hitap edebilmem için isminizi öğrenebilir miyim?
[00:22] Konuşmacı 2: Mahmut.
[00:23] [sessizlik]
[00:26] Konuşmacı 1: Memnun oldum Mahmut Bey. Şu an Demo Nexora damla, Demodernik sakıran ve Demoflorik loşer için harika bir kampanyamız var, değerlendirmek ister misiniz? Hangi ürünle ilgili bilgi almak istersiniz?
[00:41] [sessizlik]
[00:43] Konuşmacı 2: Pardon.
[00:46] [sessizlik]
[00:47] Konuşmacı 1: Rica ederim, nasıl yardımcı olabilirim?
[00:53] [sessizlik]
[01:07] Konuşmacı 1: Demo O'ry'yi şurup buldum, sepete ekli ama [anlaşılmıyor].
[01:13] [sessizlik]
[01:21] Konuşmacı 1: Kaç kutu istersiniz?
[01:25] [sessizlik]
[01:26] Konuşmacı 2: [anlaşılmıyor] kutu kardeşim.
[01:30] [sessizlik]
[02:37] Konuşmacı 2: [anlaşılmıyor] kampanyaları söyle.
[02:40] Konuşmacı 1: 10 kutu Demo O'ry şurup sepete eklendi Mahmut Bey. Kampanyalarımızdan bazıları şöyle: Demo Alvira, Nexora, Terviks, Luvexa, Probexa, Melvora, D3 Nexora 1000 IU, D3 Nexora 400 IU, D3K2V orada beş alana bir bedava kampanyası var. Ayrıca Demo O'ry şurupta 7 alana bir bedava, Demolion Pro ve Demobiotex'oda 5 alana iki bedava kampanyası var. Başka bir şeye bakalım mı? 10 kutu O'ry şurup sepete eklendi Mahmut Bey. Kampanyalarımızla ilgili bilgi almak ister misiniz? Yoksa başka ile tekleyelim mi?
[03:16] Konuşmacı 2: [anlaşılmıyor] On kutu ekledim, ben vermedim ki.
[03:22] Konuşmacı 1: Haklısınız Mahmut Bey. Yanlışlık olmuş olabilir. Kaç kutu eklememi istersiniz?
[03:26] Konuşmacı 2: [anlaşılmıyor]
[03:33] Konuşmacı 1: Anladım. O'ry'yi sepetten çıkarıyorum. Başka bir şeye bakalım mı?
[03:57] [sessizlik]
[03:58] Konuşmacı 1: O'ry sepetten çıkarıldı Mahmut Bey. Başka bir isteğiniz var mı? Size özel bir kampanya veya ürün önerebilirim ya da başka bir ilaç arayabiliriz? Nasıl istersiniz?
[04:10] [sessizlik]"
27_2026-06-25_3m04s,02_kontrol_edilecek,human_checked,data\02_kontrol_edilecek\27_2026-06-25_3m04s\audio.wav,data\02_kontrol_edilecek\27_2026-06-25_3m04s\transcript.txt,"[00:00] Konuşmacı 1: [sessizlik]
[00:03] Konuşmacı 2: [anlaşılmıyor]
[00:08] Konuşmacı 1: Merhaba, Veribase ilaç şirketinden arıyorum, ismim Melis. Demomix 30 miligram tablet ve Demomix 10 miligram tablet için kampanyalarımız hakkında bilgi vermek üzere aramıştım. Müsait miydiniz?
[00:19] Konuşmacı 2: Buyurun.
[00:21] Konuşmacı 1: Teşekkürler. Demomix 30 miligram tablet ve Demomix 10 miligram tablette özel kampanyalarımız mevcut. Değerlendirmek ister misiniz, yoksa başka bir ihtiyacınız var mı?
[00:30] Konuşmacı 2: Kampanyasını önerebilir miyim?
[00:37] Konuşmacı 1: Demomix 10 miligram tablette 4 alana 3 bedava ve Demomix 30 miligram tablette 10 alana 6 bedava kampanyalarımız mevcut. Sepete eklemek ister misiniz?
[00:44] Konuşmacı 2: Şimdiden de ona adet ekleyelim.
[00:49] Konuşmacı 1: Anladım. Ancak bir sorun oluştu. Bu ürünleri sepete ekleyebilmem için önce ilaç adı aracı ile tekrar aramam gerekiyor. Onaylıyor musunuz?
[00:57] Konuşmacı 2: Onaylıyorum.
[01:10] Konuşmacı 2: Beni duyuyor musunuz?
[01:13] Konuşmacı 1: Maalesef stok durumunu kontrol edemiyorum. Yalnızca ilaç adı ve depo bilgilerini arayabilirim. Sepete eklemeyi deneyelim mi?
[01:19] Konuşmacı 2: Deneyelim.
[01:25] Konuşmacı 1: Demomix 30 miligramdan 10 adet sepete eklendi. Demomix 10 miligram tableti de ekleyelim mi?
[01:31] Konuşmacı 2: Olur. Ekleyelim.
[01:36] Konuşmacı 1: Tekrar denediğim zaman da bir sorun oluştu. İsterseniz Demomix 10 miligram tablet yerine başka bir ürün deneyebiliriz veya sadece 30 miligram olanla devam edebiliriz.
[01:44] Konuşmacı 2: Yani Demomix 10 miligramdan 10 adet 10 adet sepete ekleyelim, bir de Demomix 30 miligramdan da 10 adet sepete ekleyelim.
[01:54] Konuşmacı 1: Anladım. Demomix 30 miligram tabletten 10 adet sepete eklenmişti. Şimdi Demomix 10 miligram tabletten de 10 adet ekliyorum. Başka bildikleriniz var mı?
[02:02] Konuşmacı 2: Başka başka bir isteğim yok.
[02:05] Konuşmacı 1: Hangi depodan sipariş vermek istersiniz?
[02:08] Konuşmacı 2: Hangi depolar var?
[02:12] Konuşmacı 1: Maalesef hepsi için bir sonuç bulamadım. Hangi depo ile çalışmak istersiniz? Sancak Bağcılar olur.
[02:20] Konuşmacı 2: [sessizlik]
[02:21] Konuşmacı 1: Sancak Bağcılar için de bir sonuç bulamadık. Elimizde Selçuk Ecza Güneşli, Ah Ankara veya Bek gibi depolar mevcut. Bunlardan herhangi birini seçmek ister misiniz?
[02:29] Konuşmacı 2: Seçiniz.
[02:34] Konuşmacı 1: Selçuk Ecza Güneşli ile devam edelim kanka. Olur.
[02:40] Konuşmacı 1: Sepetinizde 10 adet Demomix 30 miligram tablet bulunuyor ve Selçuk Ecza Güneşli deposu seçildi. Siparişi bu haliyle onaylıyor musunuz?
[02:48] Konuşmacı 2: Onaylıyorum.
[02:50] Konuşmacı 1: Onaylamak istediğinizden emin misiniz?
[02:52] Konuşmacı 2: Eminim.
[02:56] Konuşmacı 1: Siparişiniz başarıyla oluşturuldu. Başka bir konuda yardımcı olabilir miyim?
[02:59] Konuşmacı 2: Teşekkür ederim, sağ olun."
42_2026-06-25_3m56s,kayitlar,draft_or_human_corrected,data\kayitlar\42_2026-06-25_3m56s\audio.wav,data\kayitlar\42_2026-06-25_3m56s\transcript.txt,"[00:00] Konuşmacı 1: Tamam, görüşürüz. [anlaşılmıyor]
[00:07] Konuşmacı 1: Merhaba.
[00:12] Konuşmacı 1: Merhaba.
[00:15] Konuşmacı 1: İlaç Şirketinden arıyorum. İsmim Elif. Demomix 30 miligram tablet ve Demomix 10 miligram tablet için kampanyalarımız hakkında bilgi vermek üzere aramıştım. Müsait miydiniz?
[00:26] Konuşmacı 2: Evet, müsaitim.
[00:30] Konuşmacı 1: Harika. Demomix 30 miligram tablet ve Demomix 10 miligram tablet için kampanyalarımız mevcut. Değerlendirmek ister misiniz?
[00:40] Konuşmacı 2: İsterim.
[00:45] Konuşmacı 1: Harika. Demomix 10 miligram tablette 4 alana 3 bedava ve Demomix 30 miligram tablette 10 alana 6 bedava kampanyalarımız var. Hangi üründen eklemek istersiniz?
[00:54] Konuşmacı 2: Demomix 10 miligram.
[00:58] Konuşmacı 1: Demomix 10 miligram tableti sepete ekleyemiyorum. Bir sorun oluştu. İlacı tekrar aramayı deneyelim mi? Yoksa başka bir ürün mü bakalım?
[01:07] Konuşmacı 2: Tamam. Tekrar den er misin sepete eklemeyi?
[01:13] Konuşmacı 1: Tekrar deniyorum. Demomix 10 miligram tableti sepete eklememi ister misiniz?
[01:21] Konuşmacı 2: [anlaşılmıyor]
[01:27] Konuşmacı 2: Ama dün gitmişti şimdi gitti orada. [anlaşılmıyor]
[01:34] [sessizlik]
[01:37] Konuşmacı 1: [anlaşılmıyor] Şuan eklemeye hazır görünüyor. Onaylarsanız sepete ekleyebilirim. [anlaşılmıyor]
[01:43] Konuşmacı 2: [anlaşılmıyor] Başka bir [anlaşılmıyor]
[01:46] Konuşmacı 2: Evet. Bir hadi o zaman [anlaşılmıyor] ben seni alırım akşamdan. [anlaşılmıyor]
[01:54] Konuşmacı 2: [anlaşılmıyor]
[01:57] Konuşmacı 2: [anlaşılmıyor]
[02:00] Konuşmacı 2: Yok üstüm var. Gel şimdi buraya. Çantamı [anlaşılmıyor]
[02:04] Konuşmacı 2: Hayır hayır. O giydik zaten. Zaten bununla gidebilirsin kuzen giymene gerek yok. Yedek al, üzerine bir şey dökülürse bunu yedek al.
[02:13] Konuşmacı 2: [anlaşılmıyor]
[02:15] Konuşmacı 1: Anladım. Yani Demomix 10 miligram [anlaşılmıyor]
[02:18] Konuşmacı 1: eklemek istemiyorsun değil mi? Başka bir ilaca geçelim mi?
[02:22] Konuşmacı 2: [anlaşılmıyor]
[02:29] Konuşmacı 2: [anlaşılmıyor]
[02:35] Konuşmacı 1: Tamamdır. Demomix 10 miligram tablet sepete eklendi. Başka bir şeye ihtiyacınız var mı?
[02:40] Konuşmacı 2: [anlaşılmıyor]
[02:44] [sessizlik]
[02:49] Konuşmacı 2: Bugün İstanbul'da hava durumu nedir?
[03:10] Konuşmacı 2: Bugün İstanbul'da hava durumu nedir?
[03:14] Konuşmacı 1: Bu görüşmede yalnızca ilaç siparişi ve ilgili konularda yardımcı olabilirim. Siparişle ilgili başka bir sorununuz var mı?
[03:42] Konuşmacı 2: Tamam, telefonu kapatabilir miyiz?
[03:48] Konuşmacı 1: Elbette. Görüşmeyi sonlandırabiliriz. Başka bir ihtiyacınız olursa çekinmeden tekrar arayabilirsiniz. İyi günler dilerim."
49_2026-06-01_4m58s,kayitlar,draft_or_human_corrected,data\kayitlar\49_2026-06-01_4m58s\audio.wav,data\kayitlar\49_2026-06-01_4m58s\transcript.txt,"[00:15] Konuşmacı 1: Merhaba, Veribase İlaç şirketinden arıyorum ben Elif. Size isminizle hitap edebilmem için isminizi öğrenebilir miyim?
[00:38] Konuşmacı 2: Teşekkür ederim.
[00:43] Konuşmacı 1: Ahmet Bey, aslı iyi değil için maalesef bir eşleşme bulamadım. Ancak Demotervix 250 mg saşe veya Demofloriks A saşe gibi ürünler varmış.
[01:49] Konuşmacı 1: Orada mısın?
[01:53] Konuşmacı 1: Anladım. Demofloriks A saşe ile ilgili yardımcı olabilirim. Başka bir şeye ihtiyacınız var mı?
[02:08] Konuşmacı 1: Lütfen söyleyin, dinliyorum.
[02:14] Konuşmacı 1: Rica ederim. Her zaman yardımcı olmaya hazırım. Başka bir konuda yardımcı olabilir miyim?
[02:30] Konuşmacı 1: Anladım. Başka bir şeye ihtiyacınız yoksa görüşmemizi tamamlayabiliriz.
[02:46] Konuşmacı 1: Rica ederim. Her zaman yardımcı olmaya hazırım. Başka bir konuda yardımcı olabilir miyim?
[02:52] Konuşmacı 2: Hangi konuda?
[03:05] Konuşmacı 1: İlaç stok sorgulama, fiyat inceleme, kampanya bilgisi öğrenme veya sipariş oluşturma gibi konularda yardımcı olabilirim. Nereden,
[03:17] Konuşmacı 1: Sepetiniz şu an boş olduğu için herhangi bir kampanya bilgisi gösteremiyorum. Sepete bir ilaç ekledikten sonra tekrar kontrol edebiliriz. İsterseniz bir ilaç ekleyebiliriz.
[04:22] Konuşmacı 2: Ben kuzenimden birazcık yiyebilir miyim?
[04:26] Konuşmacı 2: Seninki bitti ama.
[04:33] Konuşmacı 2: Nereden aldınız bunu?
[04:36] Konuşmacı 2: Nereden aldınız?
[04:41] Konuşmacı 2: Marketten mi?
[04:47] Konuşmacı 2: AVM'den mi?"
07_2026-06-26_0m40s,01_duzeltilecek,human_corrected,data\01_duzeltilecek\07_2026-06-26_0m40s\audio.wav,data\01_duzeltilecek\07_2026-06-26_0m40s\transcript.txt,"[00:07] Konuşmacı 1: Merhaba Veribase İlaç şirketinden arıyorum. İsmim İliz.
[00:10] Konuşmacı 1: Demomix 30 mg tablet ve Demomix 10 mg tablet için kampanyalarımız hakkında bilgi vermek üzere aramıştım. Müsait miydiniz?
[00:17] Konuşmacı 2: Şu an çok müsait değilim. Beni 6.442.318 dakika sonra arar mısınız?
[00:26] Konuşmacı 1: Anladım efendim.
[00:28] Konuşmacı 1: Sizin için not alıyorum. Belirttiğiniz zamanda tekrar arayacağız. Başka bir konuda yardımcı olabilir miyim?
[00:32] Konuşmacı 2: Kaç dakika sonra arayacaktınız.
[00:37] Konuşmacı 1: Rical ederim. İyi günler dilerim.
[00:39] Konuşmacı 2: Dur kaç dakika"
